clip	duration[ms]
common_voice_fa_40567506.mp3	2700
common_voice_fa_40684062.mp3	3168
common_voice_fa_40626041.mp3	3168
common_voice_fa_40196616.mp3	6300
common_voice_fa_40567397.mp3	2556
common_voice_fa_40820297.mp3	5616
common_voice_fa_40625459.mp3	2520
common_voice_fa_40683941.mp3	2916
common_voice_fa_40565938.mp3	5436
common_voice_fa_40847961.mp3	3456
common_voice_fa_40682812.mp3	3600
common_voice_fa_40683873.mp3	2556
common_voice_fa_40846484.mp3	6264
common_voice_fa_40682438.mp3	1872
common_voice_fa_40846562.mp3	5544
common_voice_fa_40848132.mp3	1548
common_voice_fa_40624508.mp3	1764
common_voice_fa_40697465.mp3	3240
common_voice_fa_40848083.mp3	2880
common_voice_fa_40715068.mp3	3600
common_voice_fa_40208118.mp3	2088
common_voice_fa_40470735.mp3	3636
common_voice_fa_40864665.mp3	4860
common_voice_fa_40698233.mp3	3960
common_voice_fa_40683733.mp3	2916
common_voice_fa_40567454.mp3	2340
common_voice_fa_40208123.mp3	3816
common_voice_fa_40625521.mp3	3888
common_voice_fa_40456369.mp3	2520
common_voice_fa_40367399.mp3	1908
common_voice_fa_40263448.mp3	3096
common_voice_fa_40602897.mp3	2268
common_voice_fa_40811463.mp3	5220
common_voice_fa_40624326.mp3	3132
common_voice_fa_40848043.mp3	4608
common_voice_fa_40528014.mp3	1980
common_voice_fa_40651485.mp3	2484
common_voice_fa_40566014.mp3	2952
common_voice_fa_40244318.mp3	5148
common_voice_fa_40683851.mp3	5400
common_voice_fa_40651429.mp3	2592
common_voice_fa_40624503.mp3	3636
common_voice_fa_40715064.mp3	3024
common_voice_fa_40820289.mp3	3456
common_voice_fa_40683806.mp3	2088
common_voice_fa_40626112.mp3	2592
common_voice_fa_40682398.mp3	3240
common_voice_fa_40698227.mp3	3816
common_voice_fa_40697472.mp3	1512
common_voice_fa_40846545.mp3	1944
common_voice_fa_40812080.mp3	2592
common_voice_fa_40418999.mp3	4320
common_voice_fa_40542967.mp3	3996
common_voice_fa_40625399.mp3	3348
common_voice_fa_40435141.mp3	3240
common_voice_fa_40625988.mp3	3456
common_voice_fa_40715093.mp3	4788
common_voice_fa_40684097.mp3	3420
common_voice_fa_40684014.mp3	2448
common_voice_fa_40567504.mp3	2340
common_voice_fa_40683564.mp3	2700
common_voice_fa_40624492.mp3	3240
common_voice_fa_40208129.mp3	2880
common_voice_fa_40846507.mp3	3636
common_voice_fa_40602923.mp3	4968
common_voice_fa_40683705.mp3	3096
common_voice_fa_40864672.mp3	7596
common_voice_fa_40683943.mp3	4968
common_voice_fa_40486595.mp3	3132
common_voice_fa_40624355.mp3	2736
common_voice_fa_40256298.mp3	3204
common_voice_fa_40437404.mp3	6048
common_voice_fa_40528033.mp3	2700
common_voice_fa_40625290.mp3	3312
common_voice_fa_40567498.mp3	4608
common_voice_fa_40683921.mp3	4536
common_voice_fa_40625476.mp3	3096
common_voice_fa_40625455.mp3	2880
common_voice_fa_40846504.mp3	2772
common_voice_fa_40567484.mp3	3924
common_voice_fa_40256089.mp3	3060
common_voice_fa_40452777.mp3	2916
common_voice_fa_40625412.mp3	2988
common_voice_fa_40470127.mp3	5184
common_voice_fa_40602936.mp3	2376
common_voice_fa_40651379.mp3	2448
common_voice_fa_40626064.mp3	3348
common_voice_fa_40683981.mp3	3348
common_voice_fa_40567406.mp3	4968
common_voice_fa_40684068.mp3	2880
common_voice_fa_40624558.mp3	2412
common_voice_fa_40625229.mp3	1800
common_voice_fa_40651404.mp3	4608
common_voice_fa_40626004.mp3	4212
common_voice_fa_40625465.mp3	2160
common_voice_fa_40848130.mp3	4644
common_voice_fa_40626097.mp3	2016
common_voice_fa_40847967.mp3	1872
common_voice_fa_40470699.mp3	2376
common_voice_fa_40812060.mp3	3204
common_voice_fa_40846581.mp3	3564
common_voice_fa_40684071.mp3	3816
common_voice_fa_40651407.mp3	2052
common_voice_fa_40625274.mp3	4680
common_voice_fa_40367451.mp3	4356
common_voice_fa_40848101.mp3	1836
common_voice_fa_40847981.mp3	4140
common_voice_fa_40470121.mp3	4464
common_voice_fa_40848020.mp3	4392
common_voice_fa_40256302.mp3	3492
common_voice_fa_40684119.mp3	5040
common_voice_fa_40498564.mp3	2412
common_voice_fa_40624386.mp3	3564
common_voice_fa_40625272.mp3	2124
common_voice_fa_40846597.mp3	4104
common_voice_fa_40682464.mp3	3132
common_voice_fa_40820309.mp3	1980
common_voice_fa_40435112.mp3	5328
common_voice_fa_40567478.mp3	2520
common_voice_fa_40847947.mp3	2412
common_voice_fa_40846501.mp3	4572
common_voice_fa_40625522.mp3	3600
common_voice_fa_40624445.mp3	2196
common_voice_fa_40864679.mp3	3096
common_voice_fa_40846499.mp3	3924
common_voice_fa_40715047.mp3	2700
common_voice_fa_40624297.mp3	2124
common_voice_fa_40651355.mp3	2700
common_voice_fa_40682753.mp3	3528
common_voice_fa_40256268.mp3	4248
common_voice_fa_40365761.mp3	5400
common_voice_fa_40820258.mp3	5220
common_voice_fa_40812172.mp3	2340
common_voice_fa_40625556.mp3	2340
common_voice_fa_40848140.mp3	1764
common_voice_fa_40537202.mp3	3780
common_voice_fa_40683909.mp3	4500
common_voice_fa_40683500.mp3	2700
common_voice_fa_40365842.mp3	5904
common_voice_fa_40682742.mp3	3888
common_voice_fa_40812110.mp3	2952
common_voice_fa_40625396.mp3	4284
common_voice_fa_40848001.mp3	2016
common_voice_fa_40238025.mp3	4356
common_voice_fa_40848074.mp3	1692
common_voice_fa_40452773.mp3	3708
common_voice_fa_40848002.mp3	2484
common_voice_fa_40683779.mp3	2808
common_voice_fa_40712838.mp3	3060
common_voice_fa_40682800.mp3	3672
common_voice_fa_40625362.mp3	2304
common_voice_fa_40470823.mp3	2340
common_voice_fa_40435060.mp3	3636
common_voice_fa_40567443.mp3	2376
common_voice_fa_40208128.mp3	2880
common_voice_fa_40367397.mp3	2736
common_voice_fa_40566012.mp3	3384
common_voice_fa_40697453.mp3	2016
common_voice_fa_40613403.mp3	3564
common_voice_fa_40624556.mp3	2124
common_voice_fa_40697480.mp3	2268
common_voice_fa_40602909.mp3	4104
common_voice_fa_40484151.mp3	6444
common_voice_fa_40848079.mp3	1116
common_voice_fa_40683629.mp3	4860
common_voice_fa_40846486.mp3	4140
common_voice_fa_40811455.mp3	2448
common_voice_fa_40846528.mp3	4500
common_voice_fa_40453396.mp3	3744
common_voice_fa_40625275.mp3	2376
common_voice_fa_40624405.mp3	3168
common_voice_fa_40846482.mp3	2124
common_voice_fa_40626049.mp3	3492
common_voice_fa_40651450.mp3	2232
common_voice_fa_40684016.mp3	3780
common_voice_fa_40625449.mp3	4464
common_voice_fa_40715066.mp3	5328
common_voice_fa_40848080.mp3	4284
common_voice_fa_40365763.mp3	5940
common_voice_fa_40625331.mp3	5400
common_voice_fa_40848137.mp3	1404
common_voice_fa_40848126.mp3	4752
common_voice_fa_40651376.mp3	3060
common_voice_fa_40626029.mp3	1944
common_voice_fa_40845504.mp3	3060
common_voice_fa_40812222.mp3	3492
common_voice_fa_40846599.mp3	5004
common_voice_fa_40697446.mp3	2520
common_voice_fa_40624288.mp3	3996
common_voice_fa_40624255.mp3	6444
common_voice_fa_40624553.mp3	5256
common_voice_fa_40367459.mp3	5148
common_voice_fa_40848081.mp3	4428
common_voice_fa_40626037.mp3	2124
common_voice_fa_40367413.mp3	4536
common_voice_fa_40848009.mp3	4392
common_voice_fa_40848058.mp3	2376
common_voice_fa_40624505.mp3	2448
common_voice_fa_40683587.mp3	3096
common_voice_fa_40626002.mp3	4320
common_voice_fa_40528019.mp3	2736
common_voice_fa_40435121.mp3	4248
common_voice_fa_40581231.mp3	4284
common_voice_fa_40498565.mp3	2484
common_voice_fa_40565998.mp3	4068
common_voice_fa_40452717.mp3	2844
common_voice_fa_40682801.mp3	3420
common_voice_fa_40602939.mp3	2340
common_voice_fa_40683742.mp3	5256
common_voice_fa_40712856.mp3	3384
common_voice_fa_40683757.mp3	3204
common_voice_fa_40682441.mp3	3960
common_voice_fa_40567492.mp3	2988
common_voice_fa_40486591.mp3	3456
common_voice_fa_40567448.mp3	3312
common_voice_fa_40435135.mp3	3276
common_voice_fa_40365753.mp3	3168
common_voice_fa_40846565.mp3	1836
common_voice_fa_40820285.mp3	3564
common_voice_fa_40256135.mp3	2772
common_voice_fa_40683940.mp3	3060
common_voice_fa_40256303.mp3	2412
common_voice_fa_40684158.mp3	5400
common_voice_fa_40683735.mp3	6048
common_voice_fa_40682488.mp3	2160
common_voice_fa_40624350.mp3	2736
common_voice_fa_40435142.mp3	3780
common_voice_fa_40683766.mp3	5508
common_voice_fa_40551622.mp3	3168
common_voice_fa_40603542.mp3	3528
common_voice_fa_40551662.mp3	3996
common_voice_fa_40684152.mp3	5508
common_voice_fa_40450939.mp3	3240
common_voice_fa_40864667.mp3	2016
common_voice_fa_40208119.mp3	2160
common_voice_fa_40625345.mp3	2628
common_voice_fa_40551669.mp3	2556
common_voice_fa_40470701.mp3	4428
common_voice_fa_40418987.mp3	3276
common_voice_fa_40864670.mp3	4356
common_voice_fa_40613414.mp3	3816
common_voice_fa_40820311.mp3	2484
common_voice_fa_40848036.mp3	3492
common_voice_fa_40365778.mp3	3600
common_voice_fa_40812234.mp3	2268
common_voice_fa_40812134.mp3	2088
common_voice_fa_40682803.mp3	3456
common_voice_fa_40567474.mp3	4140
common_voice_fa_40848017.mp3	4752
common_voice_fa_40812139.mp3	3096
common_voice_fa_40435118.mp3	5328
common_voice_fa_40447161.mp3	2520
common_voice_fa_40684166.mp3	5688
common_voice_fa_40682845.mp3	3996
common_voice_fa_40435124.mp3	2880
common_voice_fa_40715050.mp3	2664
common_voice_fa_40498587.mp3	3024
common_voice_fa_40626053.mp3	1764
common_voice_fa_40486599.mp3	3132
common_voice_fa_40846578.mp3	1980
common_voice_fa_40542968.mp3	3780
common_voice_fa_40625514.mp3	2628
common_voice_fa_40697494.mp3	3060
common_voice_fa_40470704.mp3	3312
common_voice_fa_40683607.mp3	3600
common_voice_fa_40684193.mp3	2520
common_voice_fa_40848026.mp3	2952
common_voice_fa_40651451.mp3	3924
common_voice_fa_40605482.mp3	1800
common_voice_fa_40565996.mp3	5652
common_voice_fa_40256123.mp3	3780
common_voice_fa_40848119.mp3	3456
common_voice_fa_40367448.mp3	3996
common_voice_fa_40624476.mp3	2304
common_voice_fa_40626061.mp3	2196
common_voice_fa_40846583.mp3	3132
common_voice_fa_40847950.mp3	3672
common_voice_fa_40624278.mp3	2340
common_voice_fa_40551660.mp3	2160
common_voice_fa_40537197.mp3	3204
common_voice_fa_40452716.mp3	2160
common_voice_fa_40683908.mp3	5616
common_voice_fa_40715052.mp3	3852
common_voice_fa_40551623.mp3	4392
common_voice_fa_40625273.mp3	2808
common_voice_fa_40683837.mp3	3420
common_voice_fa_40698237.mp3	3780
common_voice_fa_40715071.mp3	2844
common_voice_fa_40811489.mp3	2520
common_voice_fa_40256151.mp3	4860
common_voice_fa_40422568.mp3	5148
common_voice_fa_40624560.mp3	3708
common_voice_fa_40846505.mp3	3672
common_voice_fa_40625472.mp3	3636
common_voice_fa_40435114.mp3	2916
common_voice_fa_40536211.mp3	3312
common_voice_fa_40528046.mp3	3348
common_voice_fa_40625991.mp3	2196
common_voice_fa_40625996.mp3	5364
common_voice_fa_40626021.mp3	2304
common_voice_fa_40567532.mp3	3780
common_voice_fa_40528025.mp3	2124
common_voice_fa_40812078.mp3	2304
common_voice_fa_40567447.mp3	4248
common_voice_fa_40452712.mp3	3060
common_voice_fa_40470111.mp3	5112
common_voice_fa_40238022.mp3	8100
common_voice_fa_40683653.mp3	3168
common_voice_fa_40651509.mp3	3492
common_voice_fa_40626008.mp3	2520
common_voice_fa_40651434.mp3	2592
common_voice_fa_40567470.mp3	2592
common_voice_fa_40684096.mp3	6516
common_voice_fa_40684108.mp3	3456
common_voice_fa_40683815.mp3	4860
common_voice_fa_40846607.mp3	1944
common_voice_fa_40445571.mp3	3492
common_voice_fa_40567477.mp3	4068
common_voice_fa_40846511.mp3	3276
common_voice_fa_40625433.mp3	2736
common_voice_fa_40846473.mp3	3672
common_voice_fa_40684154.mp3	3096
common_voice_fa_40626045.mp3	3240
common_voice_fa_40624356.mp3	2448
common_voice_fa_40537231.mp3	3096
common_voice_fa_40625394.mp3	3132
common_voice_fa_40848052.mp3	3348
common_voice_fa_40848095.mp3	3708
common_voice_fa_40256198.mp3	3240
common_voice_fa_40625208.mp3	3240
common_voice_fa_40470734.mp3	3996
common_voice_fa_40683586.mp3	5040
common_voice_fa_40682402.mp3	4068
common_voice_fa_40812077.mp3	4356
common_voice_fa_40567444.mp3	4284
common_voice_fa_40812067.mp3	4716
common_voice_fa_40848092.mp3	2736
common_voice_fa_40846590.mp3	2304
common_voice_fa_40365845.mp3	3780
common_voice_fa_40256121.mp3	4716
common_voice_fa_40625403.mp3	4464
common_voice_fa_40256160.mp3	3708
common_voice_fa_40846529.mp3	3492
common_voice_fa_40682762.mp3	2448
common_voice_fa_40683560.mp3	5220
common_voice_fa_40712860.mp3	5112
common_voice_fa_40418998.mp3	7020
common_voice_fa_40682423.mp3	1584
common_voice_fa_40567500.mp3	1836
common_voice_fa_40470819.mp3	1440
common_voice_fa_40470702.mp3	2052
common_voice_fa_40683743.mp3	2628
common_voice_fa_40712939.mp3	2268
common_voice_fa_40683810.mp3	3528
common_voice_fa_40624250.mp3	3564
common_voice_fa_40847964.mp3	4536
common_voice_fa_40682798.mp3	2520
common_voice_fa_40820287.mp3	2376
common_voice_fa_40625442.mp3	2052
common_voice_fa_40812225.mp3	3528
common_voice_fa_40682805.mp3	3096
common_voice_fa_40848143.mp3	3456
common_voice_fa_40567423.mp3	3708
common_voice_fa_40603550.mp3	2916
common_voice_fa_40820296.mp3	2628
common_voice_fa_40625294.mp3	4392
common_voice_fa_40567549.mp3	3312
common_voice_fa_40256251.mp3	3780
common_voice_fa_40846571.mp3	2232
common_voice_fa_40367437.mp3	4788
common_voice_fa_40613396.mp3	2484
common_voice_fa_40256300.mp3	4716
common_voice_fa_40812226.mp3	2016
common_voice_fa_40812084.mp3	2088
common_voice_fa_40683732.mp3	4500
common_voice_fa_40625216.mp3	3528
common_voice_fa_40551667.mp3	4212
common_voice_fa_40470117.mp3	4896
common_voice_fa_40625981.mp3	4716
common_voice_fa_40820292.mp3	3600
common_voice_fa_40537219.mp3	2772
common_voice_fa_40256199.mp3	3528
common_voice_fa_40846576.mp3	3348
common_voice_fa_40484165.mp3	7380
common_voice_fa_40626050.mp3	4392
common_voice_fa_40625409.mp3	1944
common_voice_fa_40567440.mp3	1944
common_voice_fa_40452719.mp3	2304
common_voice_fa_40683745.mp3	3600
common_voice_fa_40625513.mp3	3240
common_voice_fa_40651484.mp3	6336
common_voice_fa_40365825.mp3	2556
common_voice_fa_40567550.mp3	2340
common_voice_fa_40613402.mp3	1620
common_voice_fa_40551643.mp3	5760
common_voice_fa_40256252.mp3	3348
common_voice_fa_40624223.mp3	3312
common_voice_fa_40470695.mp3	2196
common_voice_fa_40625314.mp3	1620
common_voice_fa_40684124.mp3	3276
common_voice_fa_40603152.mp3	1764
common_voice_fa_40613404.mp3	2016
common_voice_fa_40625332.mp3	3384
common_voice_fa_40486575.mp3	3852
common_voice_fa_40365775.mp3	4284
common_voice_fa_40683352.mp3	3060
common_voice_fa_40820303.mp3	2628
common_voice_fa_40683717.mp3	4068
common_voice_fa_40651426.mp3	2628
common_voice_fa_40567544.mp3	3420
common_voice_fa_40651511.mp3	6552
common_voice_fa_40625992.mp3	3816
common_voice_fa_40624388.mp3	3096
common_voice_fa_40624387.mp3	2124
common_voice_fa_40698208.mp3	3780
common_voice_fa_40651487.mp3	3024
common_voice_fa_40697434.mp3	4932
common_voice_fa_40528035.mp3	5256
common_voice_fa_40470118.mp3	4860
common_voice_fa_40625213.mp3	3708
common_voice_fa_40715058.mp3	2988
common_voice_fa_40848061.mp3	3852
common_voice_fa_40651508.mp3	2988
common_voice_fa_40256140.mp3	3276
common_voice_fa_40367416.mp3	2880
common_voice_fa_40441710.mp3	2196
common_voice_fa_40846592.mp3	2340
common_voice_fa_40848010.mp3	4896
common_voice_fa_40712906.mp3	2700
common_voice_fa_40625439.mp3	2232
common_voice_fa_40625354.mp3	1836
common_voice_fa_40365779.mp3	3168
common_voice_fa_40683772.mp3	1836
common_voice_fa_40715032.mp3	3312
common_voice_fa_40625421.mp3	4248
common_voice_fa_40624233.mp3	3852
common_voice_fa_40208116.mp3	2628
common_voice_fa_40625320.mp3	3096
common_voice_fa_40846492.mp3	2592
common_voice_fa_40567404.mp3	2556
common_voice_fa_40683675.mp3	4968
common_voice_fa_40682858.mp3	2232
common_voice_fa_40256262.mp3	3024
common_voice_fa_40626076.mp3	3168
common_voice_fa_40715049.mp3	2808
common_voice_fa_40712949.mp3	2736
common_voice_fa_40846580.mp3	1764
common_voice_fa_40811509.mp3	4392
common_voice_fa_40625997.mp3	5220
common_voice_fa_40712932.mp3	2484
common_voice_fa_40208135.mp3	2376
common_voice_fa_40605484.mp3	2844
common_voice_fa_40625388.mp3	2160
common_voice_fa_40452708.mp3	3600
common_voice_fa_40683602.mp3	3276
common_voice_fa_40626081.mp3	3528
common_voice_fa_40846500.mp3	2124
common_voice_fa_40624472.mp3	2196
common_voice_fa_40625386.mp3	4716
common_voice_fa_40846575.mp3	3132
common_voice_fa_40684130.mp3	2808
common_voice_fa_40625512.mp3	1944
common_voice_fa_40603009.mp3	4320
common_voice_fa_40626109.mp3	2916
common_voice_fa_40624335.mp3	3960
common_voice_fa_40536208.mp3	4104
common_voice_fa_40811466.mp3	3852
common_voice_fa_40846560.mp3	2772
common_voice_fa_40624537.mp3	3780
common_voice_fa_40864668.mp3	3636
common_voice_fa_40602907.mp3	2592
common_voice_fa_40626084.mp3	3276
common_voice_fa_40684184.mp3	2628
common_voice_fa_40847965.mp3	2160
common_voice_fa_40624248.mp3	3924
common_voice_fa_40625977.mp3	2052
common_voice_fa_40715055.mp3	2700
common_voice_fa_40470815.mp3	3096
common_voice_fa_40683907.mp3	4608
common_voice_fa_40698235.mp3	5220
common_voice_fa_40626106.mp3	4248
common_voice_fa_40846535.mp3	2376
common_voice_fa_40537204.mp3	5472
common_voice_fa_40624292.mp3	2412
common_voice_fa_40498557.mp3	2592
common_voice_fa_40365800.mp3	5256
common_voice_fa_40811506.mp3	3528
common_voice_fa_40470738.mp3	3492
common_voice_fa_40551626.mp3	4320
common_voice_fa_40437616.mp3	2880
common_voice_fa_40848152.mp3	1908
common_voice_fa_40697464.mp3	2088
common_voice_fa_40651543.mp3	3888
common_voice_fa_40625462.mp3	1800
common_voice_fa_40452713.mp3	2952
common_voice_fa_40567502.mp3	1692
common_voice_fa_40864648.mp3	2412
common_voice_fa_40365789.mp3	5688
common_voice_fa_40624349.mp3	3384
common_voice_fa_40441711.mp3	2556
common_voice_fa_40625999.mp3	4068
common_voice_fa_40244276.mp3	4068
common_voice_fa_40626066.mp3	4320
common_voice_fa_40848076.mp3	3888
common_voice_fa_40470719.mp3	4464
common_voice_fa_40682782.mp3	2700
common_voice_fa_40528006.mp3	2592
common_voice_fa_40625980.mp3	2664
common_voice_fa_40542973.mp3	6120
common_voice_fa_40848660.mp3	6624
common_voice_fa_40846595.mp3	3744
common_voice_fa_40848131.mp3	3816
common_voice_fa_40684143.mp3	3816
common_voice_fa_40683501.mp3	3996
common_voice_fa_40624215.mp3	2520
common_voice_fa_40697427.mp3	3348
common_voice_fa_40697437.mp3	3744
common_voice_fa_40452796.mp3	2808
common_voice_fa_40452787.mp3	4896
common_voice_fa_40848056.mp3	3528
common_voice_fa_40848094.mp3	2484
common_voice_fa_40450304.mp3	3564
common_voice_fa_40567415.mp3	2376
common_voice_fa_40697474.mp3	1944
common_voice_fa_40846561.mp3	2700
common_voice_fa_40684063.mp3	5256
common_voice_fa_40626020.mp3	2556
common_voice_fa_40625474.mp3	1728
common_voice_fa_40712851.mp3	4572
common_voice_fa_40848150.mp3	2484
common_voice_fa_40846534.mp3	3312
common_voice_fa_40858880.mp3	3204
common_voice_fa_40864649.mp3	2916
common_voice_fa_40625259.mp3	2592
common_voice_fa_40683942.mp3	3780
common_voice_fa_40847952.mp3	2124
common_voice_fa_40613410.mp3	2160
common_voice_fa_40812096.mp3	2376
common_voice_fa_40551650.mp3	4968
common_voice_fa_40470723.mp3	2844
common_voice_fa_40442027.mp3	2484
common_voice_fa_40613389.mp3	1980
common_voice_fa_40682795.mp3	2520
common_voice_fa_40683785.mp3	3636
common_voice_fa_40820288.mp3	1944
common_voice_fa_40441708.mp3	3420
common_voice_fa_40812094.mp3	3420
common_voice_fa_40470814.mp3	2592
common_voice_fa_40624458.mp3	2196
common_voice_fa_40820308.mp3	2808
common_voice_fa_40528036.mp3	3672
common_voice_fa_40452714.mp3	3456
common_voice_fa_40684110.mp3	3348
common_voice_fa_40625431.mp3	3276
common_voice_fa_40820298.mp3	3096
common_voice_fa_40683472.mp3	3096
common_voice_fa_40256287.mp3	2700
common_voice_fa_40683836.mp3	3888
common_voice_fa_40848146.mp3	3348
common_voice_fa_40448564.mp3	4716
common_voice_fa_40647324.mp3	1692
common_voice_fa_40626059.mp3	3096
common_voice_fa_40682493.mp3	4356
common_voice_fa_40605481.mp3	1692
common_voice_fa_40683889.mp3	3528
common_voice_fa_40715065.mp3	5688
common_voice_fa_40811504.mp3	2232
common_voice_fa_40603020.mp3	4536
common_voice_fa_40625256.mp3	2484
common_voice_fa_40365765.mp3	3924
common_voice_fa_40437409.mp3	4104
common_voice_fa_40651353.mp3	2952
common_voice_fa_40683887.mp3	4536
common_voice_fa_40447157.mp3	3492
common_voice_fa_40551655.mp3	2340
common_voice_fa_40567512.mp3	5400
common_voice_fa_40712840.mp3	5040
common_voice_fa_40848108.mp3	3564
common_voice_fa_40567421.mp3	4140
common_voice_fa_40684012.mp3	5040
common_voice_fa_40626091.mp3	3744
common_voice_fa_40846512.mp3	2520
common_voice_fa_40470720.mp3	1656
common_voice_fa_40528040.mp3	2592
common_voice_fa_40683853.mp3	3420
common_voice_fa_40712831.mp3	2628
common_voice_fa_40715046.mp3	2088
common_voice_fa_40684151.mp3	4248
common_voice_fa_40864661.mp3	1620
common_voice_fa_40846544.mp3	4140
common_voice_fa_40624457.mp3	4824
common_voice_fa_40626072.mp3	3996
common_voice_fa_40812054.mp3	4752
common_voice_fa_40684156.mp3	4716
common_voice_fa_40551661.mp3	3672
common_voice_fa_40567483.mp3	1620
common_voice_fa_40605487.mp3	3888
common_voice_fa_40864651.mp3	1476
common_voice_fa_40683967.mp3	2880
common_voice_fa_40848065.mp3	2844
common_voice_fa_40679805.mp3	5112
common_voice_fa_40847970.mp3	4716
common_voice_fa_40567490.mp3	2844
common_voice_fa_40528034.mp3	3456
common_voice_fa_40625335.mp3	3024
common_voice_fa_40684142.mp3	3996
common_voice_fa_40845503.mp3	3384
common_voice_fa_40626055.mp3	2376
common_voice_fa_40470741.mp3	1872
common_voice_fa_40256158.mp3	3924
common_voice_fa_40625407.mp3	1836
common_voice_fa_40367439.mp3	4608
common_voice_fa_40452697.mp3	4932
common_voice_fa_40624336.mp3	1872
common_voice_fa_40847942.mp3	1512
common_voice_fa_40848006.mp3	2088
common_voice_fa_40625330.mp3	3924
common_voice_fa_40848000.mp3	4392
common_voice_fa_40715044.mp3	4788
common_voice_fa_40624491.mp3	1692
common_voice_fa_40367389.mp3	3888
common_voice_fa_40846594.mp3	3852
common_voice_fa_40452779.mp3	2340
common_voice_fa_40848086.mp3	2592
common_voice_fa_40846514.mp3	3024
common_voice_fa_40565997.mp3	3456
common_voice_fa_40846527.mp3	2844
common_voice_fa_40470710.mp3	3060
common_voice_fa_40244279.mp3	3348
common_voice_fa_40625398.mp3	1908
common_voice_fa_40684111.mp3	3168
common_voice_fa_40626108.mp3	1692
common_voice_fa_40551627.mp3	2916
common_voice_fa_40567424.mp3	2808
common_voice_fa_40537205.mp3	4140
common_voice_fa_40683992.mp3	2376
common_voice_fa_40625382.mp3	3636
common_voice_fa_40846537.mp3	3384
common_voice_fa_40812130.mp3	2304
common_voice_fa_40603154.mp3	4680
common_voice_fa_40684015.mp3	3456
common_voice_fa_40490778.mp3	1656
common_voice_fa_40365715.mp3	5292
common_voice_fa_40452786.mp3	3996
common_voice_fa_40435122.mp3	3456
common_voice_fa_40846608.mp3	1584
common_voice_fa_40651372.mp3	2736
common_voice_fa_40528007.mp3	3132
common_voice_fa_40683351.mp3	3276
common_voice_fa_40848656.mp3	5400
common_voice_fa_40625475.mp3	3600
common_voice_fa_40864662.mp3	1692
common_voice_fa_40683852.mp3	5220
common_voice_fa_40537198.mp3	2880
common_voice_fa_40613412.mp3	3708
common_voice_fa_40625428.mp3	1872
common_voice_fa_40542970.mp3	3600
common_voice_fa_40624332.mp3	3816
common_voice_fa_40682846.mp3	2520
common_voice_fa_40624370.mp3	1944
common_voice_fa_40470709.mp3	3276
common_voice_fa_40820256.mp3	2268
common_voice_fa_40447152.mp3	3636
common_voice_fa_40625358.mp3	2952
common_voice_fa_40435123.mp3	4356
common_voice_fa_40528031.mp3	2844
common_voice_fa_40567519.mp3	1980
common_voice_fa_40624395.mp3	2124
common_voice_fa_40846567.mp3	4140
common_voice_fa_40864657.mp3	3132
common_voice_fa_40846496.mp3	2484
common_voice_fa_40626003.mp3	2952
common_voice_fa_40367417.mp3	3420
common_voice_fa_40651529.mp3	3780
common_voice_fa_40567548.mp3	3528
common_voice_fa_40698229.mp3	2628
common_voice_fa_40864674.mp3	6192
common_voice_fa_40603560.mp3	2844
common_voice_fa_40812091.mp3	3276
common_voice_fa_40624304.mp3	2412
common_voice_fa_40437408.mp3	4860
common_voice_fa_40651369.mp3	2736
common_voice_fa_40820265.mp3	3456
common_voice_fa_40846477.mp3	2160
common_voice_fa_40683746.mp3	3528
common_voice_fa_40625305.mp3	4392
common_voice_fa_40244319.mp3	3096
common_voice_fa_40845516.mp3	4068
common_voice_fa_40567535.mp3	2664
common_voice_fa_40470714.mp3	4356
common_voice_fa_40820312.mp3	2628
common_voice_fa_40812132.mp3	2268
common_voice_fa_40683706.mp3	5400
common_voice_fa_40452791.mp3	3816
common_voice_fa_40683497.mp3	6156
common_voice_fa_40244315.mp3	4500
common_voice_fa_40848120.mp3	1944
common_voice_fa_40626082.mp3	5076
common_voice_fa_40848096.mp3	1476
common_voice_fa_40470742.mp3	3168
common_voice_fa_40712854.mp3	2916
common_voice_fa_40602924.mp3	2772
common_voice_fa_40470724.mp3	4104
common_voice_fa_40624535.mp3	2376
common_voice_fa_40625464.mp3	2592
common_voice_fa_40625379.mp3	2736
common_voice_fa_40625224.mp3	4032
common_voice_fa_40625387.mp3	1836
common_voice_fa_40450309.mp3	4212
common_voice_fa_40683528.mp3	2916
common_voice_fa_40452715.mp3	3816
common_voice_fa_40256272.mp3	3888
common_voice_fa_40498572.mp3	4140
common_voice_fa_40698226.mp3	3636
common_voice_fa_40626005.mp3	2412
common_voice_fa_40367424.mp3	2700
common_voice_fa_40820267.mp3	3780
common_voice_fa_40683796.mp3	5256
common_voice_fa_40613405.mp3	2412
common_voice_fa_40625473.mp3	3348
common_voice_fa_40683555.mp3	5436
common_voice_fa_40697493.mp3	3204
common_voice_fa_40682743.mp3	3456
common_voice_fa_40846596.mp3	2124
common_voice_fa_40846516.mp3	3600
common_voice_fa_40602937.mp3	2628
common_voice_fa_40846548.mp3	3348
common_voice_fa_40208115.mp3	6660
common_voice_fa_40625535.mp3	2340
common_voice_fa_40811457.mp3	3564
common_voice_fa_40452784.mp3	5436
common_voice_fa_40651425.mp3	3816
common_voice_fa_40624251.mp3	3096
common_voice_fa_40355688.mp3	3600
common_voice_fa_40470718.mp3	1836
common_voice_fa_40441707.mp3	5364
common_voice_fa_40625214.mp3	1764
common_voice_fa_40864669.mp3	4752
common_voice_fa_40698211.mp3	3276
common_voice_fa_40626103.mp3	2592
common_voice_fa_40682483.mp3	2628
common_voice_fa_40256166.mp3	4104
common_voice_fa_40453394.mp3	2880
common_voice_fa_40684134.mp3	4860
common_voice_fa_40651431.mp3	6768
common_voice_fa_40357455.mp3	2664
common_voice_fa_40682447.mp3	2628
common_voice_fa_40683767.mp3	3096
common_voice_fa_40698225.mp3	2340
common_voice_fa_40682469.mp3	1260
common_voice_fa_40683861.mp3	4500
common_voice_fa_40626027.mp3	2196
common_voice_fa_40365844.mp3	3312
common_voice_fa_40536217.mp3	3708
common_voice_fa_40624224.mp3	4824
common_voice_fa_40365830.mp3	3744
common_voice_fa_40625239.mp3	4644
common_voice_fa_40651366.mp3	5040
common_voice_fa_40684185.mp3	5436
common_voice_fa_40470707.mp3	2304
common_voice_fa_40697478.mp3	3960
common_voice_fa_40683993.mp3	2196
common_voice_fa_40256088.mp3	5112
common_voice_fa_40626010.mp3	2160
common_voice_fa_40624235.mp3	1908
common_voice_fa_40256289.mp3	3420
common_voice_fa_40683982.mp3	3636
common_voice_fa_40647330.mp3	2052
common_voice_fa_40683787.mp3	3060
common_voice_fa_40697477.mp3	3060
common_voice_fa_40625255.mp3	3276
common_voice_fa_40603026.mp3	4320
common_voice_fa_40848022.mp3	2088
common_voice_fa_40624384.mp3	2016
common_voice_fa_40367438.mp3	3456
common_voice_fa_40683834.mp3	2520
common_voice_fa_40626094.mp3	1836
common_voice_fa_40847943.mp3	2016
common_voice_fa_40613398.mp3	2340
common_voice_fa_40450958.mp3	5832
common_voice_fa_40238023.mp3	3636
common_voice_fa_40551625.mp3	2844
common_voice_fa_40683874.mp3	3168
common_voice_fa_40625384.mp3	2520
common_voice_fa_40625215.mp3	1908
common_voice_fa_40613411.mp3	4464
common_voice_fa_40613381.mp3	1764
common_voice_fa_40567403.mp3	3384
common_voice_fa_40625426.mp3	2448
common_voice_fa_40715070.mp3	4716
common_voice_fa_40435139.mp3	3420
common_voice_fa_40355711.mp3	3600
common_voice_fa_40811486.mp3	4320
common_voice_fa_40626039.mp3	2844
common_voice_fa_40847944.mp3	2160
common_voice_fa_40651510.mp3	2376
common_voice_fa_40682457.mp3	3204
common_voice_fa_40365743.mp3	2988
common_voice_fa_40484167.mp3	2160
common_voice_fa_40683922.mp3	3096
common_voice_fa_40846612.mp3	2772
common_voice_fa_40624456.mp3	2196
common_voice_fa_40812108.mp3	3420
common_voice_fa_40846616.mp3	2772
common_voice_fa_40682451.mp3	2808
common_voice_fa_40683470.mp3	3096
common_voice_fa_40528047.mp3	3204
common_voice_fa_40624464.mp3	3708
common_voice_fa_40848037.mp3	2232
common_voice_fa_40498590.mp3	2772
common_voice_fa_40626000.mp3	1584
common_voice_fa_40367432.mp3	2448
common_voice_fa_40567438.mp3	1800
common_voice_fa_40698224.mp3	3276
common_voice_fa_40697489.mp3	1656
common_voice_fa_40684053.mp3	5976
common_voice_fa_40684120.mp3	4968
common_voice_fa_40626068.mp3	2700
common_voice_fa_40566011.mp3	3636
common_voice_fa_40470824.mp3	5004
common_voice_fa_40626046.mp3	2664
common_voice_fa_40256136.mp3	5796
common_voice_fa_40848053.mp3	2016
common_voice_fa_40846522.mp3	3384
common_voice_fa_40624210.mp3	2700
common_voice_fa_40453398.mp3	5292
common_voice_fa_40567486.mp3	3816
common_voice_fa_40682763.mp3	2664
common_voice_fa_40536214.mp3	4356
common_voice_fa_40613385.mp3	3096
common_voice_fa_40820305.mp3	4824
common_voice_fa_40365791.mp3	2448
common_voice_fa_40719514.mp3	3204
common_voice_fa_40847940.mp3	3312
common_voice_fa_40567427.mp3	3276
common_voice_fa_40684168.mp3	2556
common_voice_fa_40567501.mp3	2232
common_voice_fa_40847963.mp3	3636
common_voice_fa_40445567.mp3	1764
common_voice_fa_40625460.mp3	3384
common_voice_fa_40625978.mp3	4392
common_voice_fa_40625207.mp3	1764
common_voice_fa_40452770.mp3	4320
common_voice_fa_40365829.mp3	3384
common_voice_fa_40683989.mp3	2556
common_voice_fa_40450957.mp3	4608
common_voice_fa_40683676.mp3	2880
common_voice_fa_40848069.mp3	4212
common_voice_fa_40624532.mp3	5220
common_voice_fa_40848078.mp3	4464
common_voice_fa_40847983.mp3	2304
common_voice_fa_40256279.mp3	2844
common_voice_fa_40682401.mp3	2304
common_voice_fa_40624280.mp3	5184
common_voice_fa_40683990.mp3	3708
common_voice_fa_40624468.mp3	6408
common_voice_fa_40567481.mp3	4284
common_voice_fa_40683525.mp3	3168
common_voice_fa_40365841.mp3	4968
common_voice_fa_40651541.mp3	2124
common_voice_fa_40683703.mp3	3456
common_voice_fa_40603153.mp3	2952
common_voice_fa_40848157.mp3	1944
common_voice_fa_40712829.mp3	3420
common_voice_fa_40684159.mp3	4248
common_voice_fa_40847879.mp3	2412
common_voice_fa_40682796.mp3	3240
common_voice_fa_40208113.mp3	4356
common_voice_fa_40845507.mp3	4752
common_voice_fa_40683777.mp3	2160
common_voice_fa_40847982.mp3	2232
common_voice_fa_40256169.mp3	3096
common_voice_fa_40567442.mp3	2232
common_voice_fa_40470694.mp3	3420
common_voice_fa_40452727.mp3	4140
common_voice_fa_40551664.mp3	2376
common_voice_fa_40624474.mp3	1620
common_voice_fa_40847992.mp3	3456
common_voice_fa_40864675.mp3	5544
common_voice_fa_40365790.mp3	2484
common_voice_fa_40848007.mp3	3456
common_voice_fa_40365831.mp3	5220
common_voice_fa_40537207.mp3	1584
common_voice_fa_40715082.mp3	2556
common_voice_fa_40846600.mp3	5436
common_voice_fa_40624264.mp3	3708
common_voice_fa_40470730.mp3	2268
common_voice_fa_40625212.mp3	3492
common_voice_fa_40812109.mp3	2340
common_voice_fa_40682779.mp3	2736
common_voice_fa_40442025.mp3	2304
common_voice_fa_40624397.mp3	1692
common_voice_fa_40367403.mp3	2520
common_voice_fa_40712853.mp3	3420
common_voice_fa_40719496.mp3	2412
common_voice_fa_40683588.mp3	5796
common_voice_fa_40698238.mp3	5976
common_voice_fa_40470119.mp3	3024
common_voice_fa_40626056.mp3	3132
common_voice_fa_40682860.mp3	2196
common_voice_fa_40435134.mp3	5760
common_voice_fa_40625238.mp3	2628
common_voice_fa_40528023.mp3	3132
common_voice_fa_40812089.mp3	3492
common_voice_fa_40567518.mp3	2844
common_voice_fa_40683278.mp3	4248
common_voice_fa_40715057.mp3	2556
common_voice_fa_40626033.mp3	4464
common_voice_fa_40848657.mp3	4032
common_voice_fa_40684010.mp3	3708
common_voice_fa_40683608.mp3	3996
common_voice_fa_40848087.mp3	2304
common_voice_fa_40683677.mp3	3960
common_voice_fa_40846510.mp3	3204
common_voice_fa_40470816.mp3	2160
common_voice_fa_40437405.mp3	3600
common_voice_fa_40651433.mp3	4572
common_voice_fa_40848031.mp3	3780
common_voice_fa_40846487.mp3	576
common_voice_fa_40683632.mp3	5148
common_voice_fa_40625289.mp3	2628
common_voice_fa_40566010.mp3	6372
common_voice_fa_40365801.mp3	2484
common_voice_fa_40846611.mp3	3744
common_voice_fa_40357457.mp3	3564
common_voice_fa_40602905.mp3	2736
common_voice_fa_40682489.mp3	4464
common_voice_fa_40784378.mp3	8748
common_voice_fa_40848029.mp3	3384
common_voice_fa_40846549.mp3	3132
common_voice_fa_40256255.mp3	3960
common_voice_fa_40470725.mp3	3492
common_voice_fa_40847977.mp3	3456
common_voice_fa_40551619.mp3	3528
common_voice_fa_40683554.mp3	5400
common_voice_fa_40470713.mp3	4104
common_voice_fa_40208125.mp3	3888
common_voice_fa_40626025.mp3	2988
common_voice_fa_40625559.mp3	2124
common_voice_fa_40470729.mp3	3924
common_voice_fa_40365792.mp3	2196
common_voice_fa_40537201.mp3	3204
common_voice_fa_40447156.mp3	2268
common_voice_fa_40715096.mp3	2016
common_voice_fa_40256295.mp3	5400
common_voice_fa_40567455.mp3	1944
common_voice_fa_40624555.mp3	1800
common_voice_fa_40365712.mp3	2376
common_voice_fa_40683364.mp3	5220
common_voice_fa_40498578.mp3	2700
common_voice_fa_40567400.mp3	1836
common_voice_fa_40625374.mp3	4212
common_voice_fa_40811453.mp3	2340
common_voice_fa_40812071.mp3	3636
common_voice_fa_40452789.mp3	2520
common_voice_fa_40697488.mp3	1980
common_voice_fa_40684055.mp3	4536
common_voice_fa_40615403.mp3	4932
common_voice_fa_40551636.mp3	3528
common_voice_fa_40626110.mp3	3348
common_voice_fa_40256286.mp3	4356
common_voice_fa_40719494.mp3	2736
common_voice_fa_40484164.mp3	3492
common_voice_fa_40256284.mp3	2448
common_voice_fa_40602922.mp3	1872
common_voice_fa_40626009.mp3	3132
common_voice_fa_40625524.mp3	2592
common_voice_fa_40715056.mp3	2808
common_voice_fa_40683565.mp3	2916
common_voice_fa_40697430.mp3	1800
common_voice_fa_40848139.mp3	3708
common_voice_fa_40498568.mp3	3060
common_voice_fa_40625227.mp3	4320
common_voice_fa_40848158.mp3	3996
common_voice_fa_40683657.mp3	5220
common_voice_fa_40565943.mp3	4392
common_voice_fa_40846483.mp3	2592
common_voice_fa_40602894.mp3	3852
common_voice_fa_40624407.mp3	2988
common_voice_fa_40712904.mp3	2952
common_voice_fa_40470744.mp3	1836
common_voice_fa_40715054.mp3	4572
common_voice_fa_40847984.mp3	1800
common_voice_fa_40452711.mp3	5076
common_voice_fa_40683923.mp3	2376
common_voice_fa_40683934.mp3	3240
common_voice_fa_40625355.mp3	2196
common_voice_fa_40626014.mp3	3276
common_voice_fa_40847980.mp3	2088
common_voice_fa_40647335.mp3	2700
common_voice_fa_40624533.mp3	2376
common_voice_fa_40846591.mp3	2520
common_voice_fa_40551640.mp3	2520
common_voice_fa_40567396.mp3	4680
common_voice_fa_40626077.mp3	2412
common_voice_fa_40683453.mp3	2520
common_voice_fa_40567542.mp3	2268
common_voice_fa_40452768.mp3	4140
common_voice_fa_40848003.mp3	2844
common_voice_fa_40812081.mp3	4176
common_voice_fa_40683561.mp3	3816
common_voice_fa_40470740.mp3	4176
common_voice_fa_40684072.mp3	5688
common_voice_fa_40684118.mp3	4068
common_voice_fa_40470809.mp3	3996
common_voice_fa_40625317.mp3	3312
common_voice_fa_40847941.mp3	3600
common_voice_fa_40624327.mp3	3492
common_voice_fa_40625451.mp3	1692
common_voice_fa_40848062.mp3	1764
common_voice_fa_40624254.mp3	1944
common_voice_fa_40812107.mp3	2664
common_voice_fa_40624249.mp3	3600
common_voice_fa_40537199.mp3	1692
common_voice_fa_40845521.mp3	2232
common_voice_fa_40683473.mp3	5076
common_voice_fa_40624404.mp3	3492
common_voice_fa_40551658.mp3	3636
common_voice_fa_40625316.mp3	4860
common_voice_fa_40858881.mp3	4860
common_voice_fa_40357456.mp3	4140
common_voice_fa_40683644.mp3	3420
common_voice_fa_40208133.mp3	4068
common_voice_fa_40624256.mp3	4176
common_voice_fa_40567452.mp3	2232
common_voice_fa_40367457.mp3	2880
common_voice_fa_40712830.mp3	6516
common_voice_fa_40651530.mp3	2088
common_voice_fa_40238024.mp3	5436
common_voice_fa_40625232.mp3	1692
common_voice_fa_40684017.mp3	6300
common_voice_fa_40697436.mp3	4932
common_voice_fa_40625209.mp3	1944
common_voice_fa_40812136.mp3	2592
common_voice_fa_40256296.mp3	3204
common_voice_fa_40613394.mp3	2520
common_voice_fa_40626026.mp3	2880
common_voice_fa_40864647.mp3	2592
common_voice_fa_40683647.mp3	6840
common_voice_fa_40812050.mp3	4644
common_voice_fa_40452709.mp3	4104
common_voice_fa_40435116.mp3	4320
common_voice_fa_40626034.mp3	4932
common_voice_fa_40848051.mp3	1512
common_voice_fa_40682761.mp3	2304
common_voice_fa_40625344.mp3	2304
common_voice_fa_40651371.mp3	3024
common_voice_fa_40498589.mp3	2592
common_voice_fa_40411176.mp3	6768
common_voice_fa_40256152.mp3	4824
common_voice_fa_40365838.mp3	3924
common_voice_fa_40208127.mp3	3816
common_voice_fa_40846536.mp3	1836
common_voice_fa_40812170.mp3	3924
common_voice_fa_40456373.mp3	1728
common_voice_fa_40450956.mp3	2844
common_voice_fa_40447159.mp3	3456
common_voice_fa_40625538.mp3	3060
common_voice_fa_40820286.mp3	2844
common_voice_fa_40812113.mp3	2376
common_voice_fa_40682466.mp3	2952
common_voice_fa_40470703.mp3	3960
common_voice_fa_40355713.mp3	3528
common_voice_fa_40682446.mp3	3204
common_voice_fa_40624323.mp3	2016
common_voice_fa_40625993.mp3	4104
common_voice_fa_40820315.mp3	3708
common_voice_fa_40367406.mp3	1980
common_voice_fa_40682741.mp3	5868
common_voice_fa_40452761.mp3	3816
common_voice_fa_40624408.mp3	1872
common_voice_fa_40784380.mp3	4356
common_voice_fa_40682396.mp3	2772
common_voice_fa_40442034.mp3	2772
common_voice_fa_40422567.mp3	4896
common_voice_fa_40626107.mp3	4140
common_voice_fa_40812112.mp3	3204
common_voice_fa_40551670.mp3	2844
common_voice_fa_40625347.mp3	5472
common_voice_fa_40567480.mp3	2916
common_voice_fa_40846613.mp3	3384
common_voice_fa_40256297.mp3	3312
common_voice_fa_40367404.mp3	2628
common_voice_fa_40435136.mp3	3960
common_voice_fa_40712852.mp3	2736
common_voice_fa_40537203.mp3	4680
common_voice_fa_40256167.mp3	4428
common_voice_fa_40812064.mp3	3348
common_voice_fa_40470717.mp3	3204
common_voice_fa_40625989.mp3	5256
common_voice_fa_40811487.mp3	4104
common_voice_fa_40567545.mp3	3240
common_voice_fa_40624231.mp3	2700
common_voice_fa_40486576.mp3	2088
common_voice_fa_40848129.mp3	2412
common_voice_fa_40625307.mp3	3420
common_voice_fa_40452775.mp3	2448
common_voice_fa_40811510.mp3	4032
common_voice_fa_40848674.mp3	2808
common_voice_fa_40537232.mp3	2484
common_voice_fa_40365752.mp3	4104
common_voice_fa_40365839.mp3	3888
common_voice_fa_40625506.mp3	4392
common_voice_fa_40698216.mp3	4860
common_voice_fa_40626012.mp3	1836
common_voice_fa_40365786.mp3	2700
common_voice_fa_40712937.mp3	4068
common_voice_fa_40624444.mp3	2052
common_voice_fa_40626105.mp3	2304
common_voice_fa_40812151.mp3	2916
common_voice_fa_40712857.mp3	3096
common_voice_fa_40626070.mp3	3456
common_voice_fa_40551666.mp3	3744
common_voice_fa_40208132.mp3	3708
common_voice_fa_40715092.mp3	4392
common_voice_fa_40484169.mp3	4752
common_voice_fa_40435109.mp3	3348
common_voice_fa_40812236.mp3	2304
common_voice_fa_40846472.mp3	8712
common_voice_fa_40864655.mp3	1476
common_voice_fa_40435143.mp3	4428
common_voice_fa_40625467.mp3	5292
common_voice_fa_40848117.mp3	3168
common_voice_fa_40683983.mp3	3456
common_voice_fa_40411178.mp3	3492
common_voice_fa_40256277.mp3	2556
common_voice_fa_40682754.mp3	4716
common_voice_fa_40244317.mp3	5940
common_voice_fa_40365770.mp3	4608
common_voice_fa_40715034.mp3	4320
common_voice_fa_40626099.mp3	5760
common_voice_fa_40498563.mp3	5652
common_voice_fa_40820294.mp3	2376
common_voice_fa_40435138.mp3	3780
common_voice_fa_40624435.mp3	2052
common_voice_fa_40470134.mp3	2448
common_voice_fa_40683854.mp3	3456
common_voice_fa_40256263.mp3	4536
common_voice_fa_40682848.mp3	3096
common_voice_fa_40470736.mp3	3852
common_voice_fa_40567546.mp3	1620
common_voice_fa_40470746.mp3	3492
common_voice_fa_40452762.mp3	6516
common_voice_fa_40624265.mp3	2304
common_voice_fa_40565994.mp3	2808
common_voice_fa_40683474.mp3	3096
common_voice_fa_40651393.mp3	2556
common_voice_fa_40365745.mp3	5220
common_voice_fa_40698223.mp3	3492
common_voice_fa_40498580.mp3	3240
common_voice_fa_40256266.mp3	3456
common_voice_fa_40603021.mp3	4212
common_voice_fa_40651402.mp3	3492
common_voice_fa_40848077.mp3	1404
common_voice_fa_40683813.mp3	2016
common_voice_fa_40470818.mp3	3024
common_voice_fa_40683886.mp3	2448
common_voice_fa_40684180.mp3	3420
common_voice_fa_40256281.mp3	4500
common_voice_fa_40551638.mp3	2340
common_voice_fa_40848115.mp3	3744
common_voice_fa_40812106.mp3	2088
common_voice_fa_40847886.mp3	2160
common_voice_fa_40445569.mp3	2844
common_voice_fa_40602934.mp3	2304
common_voice_fa_40208134.mp3	3420
common_voice_fa_40367415.mp3	4320
common_voice_fa_40625440.mp3	3816
common_voice_fa_40784377.mp3	4428
common_voice_fa_40682487.mp3	2448
common_voice_fa_40682809.mp3	2988
common_voice_fa_40848088.mp3	2268
common_voice_fa_40208114.mp3	3168
common_voice_fa_40486598.mp3	2880
common_voice_fa_40684008.mp3	3996
common_voice_fa_40847991.mp3	3060
common_voice_fa_40605488.mp3	3852
common_voice_fa_40683776.mp3	4644
common_voice_fa_40602908.mp3	2160
common_voice_fa_40365793.mp3	3384
common_voice_fa_40528018.mp3	4068
common_voice_fa_40846569.mp3	6012
common_voice_fa_40256138.mp3	3420
common_voice_fa_40847998.mp3	3420
common_voice_fa_40484159.mp3	5076
common_voice_fa_40208126.mp3	2808
common_voice_fa_40812154.mp3	2304
common_voice_fa_40626100.mp3	2520
common_voice_fa_40528001.mp3	2232
common_voice_fa_40845524.mp3	3024
common_voice_fa_40626006.mp3	3420
common_voice_fa_40452718.mp3	5652
common_voice_fa_40551644.mp3	4140
common_voice_fa_40846605.mp3	2556
common_voice_fa_40683337.mp3	3636
common_voice_fa_40683551.mp3	6660
common_voice_fa_40647326.mp3	1800
common_voice_fa_40683792.mp3	2808
common_voice_fa_40848082.mp3	2916
common_voice_fa_40603552.mp3	2952
common_voice_fa_40542971.mp3	2988
common_voice_fa_40196619.mp3	5076
common_voice_fa_40528011.mp3	2916
common_voice_fa_40682476.mp3	1620
common_voice_fa_40452788.mp3	6228
common_voice_fa_40256269.mp3	2664
common_voice_fa_40848004.mp3	4464
common_voice_fa_40445565.mp3	5472
common_voice_fa_40625329.mp3	2772
common_voice_fa_40263449.mp3	2304
common_voice_fa_40811484.mp3	4284
common_voice_fa_40846491.mp3	3744
common_voice_fa_40820268.mp3	2448
common_voice_fa_40846467.mp3	5256
common_voice_fa_40484154.mp3	2808
common_voice_fa_40864663.mp3	1692
common_voice_fa_40567413.mp3	4788
common_voice_fa_40625504.mp3	3132
common_voice_fa_40812138.mp3	2088
common_voice_fa_40846513.mp3	2592
common_voice_fa_40484156.mp3	2124
common_voice_fa_40683335.mp3	4176
common_voice_fa_40625494.mp3	2844
common_voice_fa_40624213.mp3	4896
common_voice_fa_40605486.mp3	1692
common_voice_fa_40452758.mp3	5508
common_voice_fa_40847974.mp3	3420
common_voice_fa_40470822.mp3	1908
common_voice_fa_40626089.mp3	2520
common_voice_fa_40848067.mp3	3384
common_voice_fa_40820260.mp3	2664
common_voice_fa_40603559.mp3	4068
common_voice_fa_40846524.mp3	3996
common_voice_fa_40712872.mp3	3204
common_voice_fa_40551645.mp3	2304
common_voice_fa_40864653.mp3	3096
common_voice_fa_40864660.mp3	2736
common_voice_fa_40367396.mp3	5148
common_voice_fa_40651432.mp3	2448
common_voice_fa_40422570.mp3	3240
common_voice_fa_40715083.mp3	5724
common_voice_fa_40613413.mp3	3960
common_voice_fa_40684011.mp3	2736
common_voice_fa_40567453.mp3	1764
common_voice_fa_40625429.mp3	2124
common_voice_fa_40624534.mp3	1656
common_voice_fa_40441713.mp3	3348
common_voice_fa_40625400.mp3	2376
common_voice_fa_40683524.mp3	3528
common_voice_fa_40847953.mp3	3744
common_voice_fa_40452785.mp3	8028
common_voice_fa_40683736.mp3	4680
common_voice_fa_40452783.mp3	4860
common_voice_fa_40537211.mp3	2916
common_voice_fa_40528028.mp3	3996
common_voice_fa_40422569.mp3	3924
common_voice_fa_40684183.mp3	4680
common_voice_fa_40613407.mp3	3960
common_voice_fa_40864644.mp3	1332
common_voice_fa_40625337.mp3	3636
common_voice_fa_40697481.mp3	3816
common_voice_fa_40625402.mp3	3924
common_voice_fa_40625397.mp3	1980
common_voice_fa_40683365.mp3	4860
common_voice_fa_40435133.mp3	2268
common_voice_fa_40452769.mp3	2520
common_voice_fa_40812066.mp3	2916
common_voice_fa_40624212.mp3	5076
common_voice_fa_40848035.mp3	2124
common_voice_fa_40448562.mp3	2232
common_voice_fa_40848041.mp3	3600
common_voice_fa_40624372.mp3	3960
common_voice_fa_40452772.mp3	2916
common_voice_fa_40256254.mp3	3528
common_voice_fa_40847880.mp3	1800
common_voice_fa_40848164.mp3	5400
common_voice_fa_40625378.mp3	4536
common_voice_fa_40484152.mp3	2772
common_voice_fa_40624295.mp3	2700
common_voice_fa_40551620.mp3	3744
common_voice_fa_40682399.mp3	2448
common_voice_fa_40625228.mp3	3852
common_voice_fa_40712923.mp3	3672
common_voice_fa_40846530.mp3	4356
common_voice_fa_40567520.mp3	3780
common_voice_fa_40845525.mp3	2412
common_voice_fa_40498591.mp3	3132
common_voice_fa_40256200.mp3	5544
common_voice_fa_40528013.mp3	2700
common_voice_fa_40683789.mp3	4140
common_voice_fa_40624504.mp3	4032
common_voice_fa_40626001.mp3	2556
common_voice_fa_40683522.mp3	4140
common_voice_fa_40626028.mp3	3636
common_voice_fa_40567514.mp3	3456
common_voice_fa_40442024.mp3	5040
common_voice_fa_40682863.mp3	2124
common_voice_fa_40624341.mp3	2268
common_voice_fa_40864656.mp3	2412
common_voice_fa_40567399.mp3	3708
common_voice_fa_40811505.mp3	3492
common_voice_fa_40712721.mp3	3096
common_voice_fa_40442032.mp3	1944
common_voice_fa_40683656.mp3	6228
common_voice_fa_40697426.mp3	2268
common_voice_fa_40846497.mp3	5616
common_voice_fa_40684094.mp3	4140
common_voice_fa_40625430.mp3	2376
common_voice_fa_40256164.mp3	3996
common_voice_fa_40442036.mp3	2556
common_voice_fa_40625346.mp3	4572
common_voice_fa_40683720.mp3	3780
common_voice_fa_40367388.mp3	2340
common_voice_fa_40848099.mp3	3204
common_voice_fa_40684056.mp3	2916
common_voice_fa_40624539.mp3	3924
common_voice_fa_40419000.mp3	4572
common_voice_fa_40365766.mp3	6372
common_voice_fa_40682794.mp3	3276
common_voice_fa_40712726.mp3	2088
common_voice_fa_40697485.mp3	2160
common_voice_fa_40624421.mp3	2988
common_voice_fa_40625242.mp3	4176
common_voice_fa_40812137.mp3	2736
common_voice_fa_40848030.mp3	4104
common_voice_fa_40367462.mp3	5220
common_voice_fa_40846568.mp3	2340
common_voice_fa_40624420.mp3	2376
common_voice_fa_40470733.mp3	3060
common_voice_fa_40624279.mp3	4680
common_voice_fa_40848027.mp3	7020
common_voice_fa_40613408.mp3	3672
common_voice_fa_40683799.mp3	4104
common_voice_fa_40715069.mp3	3132
common_voice_fa_40715051.mp3	2160
common_voice_fa_40651527.mp3	3168
common_voice_fa_40684121.mp3	3960
common_voice_fa_40647329.mp3	2268
common_voice_fa_40847972.mp3	3096
common_voice_fa_40437413.mp3	2556
common_voice_fa_40847987.mp3	2592
common_voice_fa_40625291.mp3	3456
common_voice_fa_40625545.mp3	2088
common_voice_fa_40812042.mp3	2412
common_voice_fa_40848138.mp3	2124
common_voice_fa_40367449.mp3	3420
common_voice_fa_40365754.mp3	2304
common_voice_fa_40365802.mp3	7020
common_voice_fa_40625414.mp3	2448
common_voice_fa_40683645.mp3	5040
common_voice_fa_40715030.mp3	3096
common_voice_fa_40684132.mp3	3888
common_voice_fa_40684013.mp3	4428
common_voice_fa_40624465.mp3	4032
common_voice_fa_40625301.mp3	3312
common_voice_fa_40256187.mp3	3528
common_voice_fa_40470697.mp3	3636
common_voice_fa_40864652.mp3	1512
common_voice_fa_40256186.mp3	2952
common_voice_fa_40624303.mp3	2124
common_voice_fa_40820299.mp3	3600
common_voice_fa_40450955.mp3	7200
common_voice_fa_40367433.mp3	2880
common_voice_fa_40256171.mp3	4500
common_voice_fa_40625348.mp3	3960
common_voice_fa_40647327.mp3	2268
common_voice_fa_40626062.mp3	2556
common_voice_fa_40683850.mp3	3420
common_voice_fa_40626079.mp3	4680
common_voice_fa_40846564.mp3	1692
common_voice_fa_40820266.mp3	3456
common_voice_fa_40846557.mp3	1692
common_voice_fa_40847971.mp3	5472
common_voice_fa_40683964.mp3	4716
common_voice_fa_40435107.mp3	3060
common_voice_fa_40624293.mp3	2448
common_voice_fa_40820300.mp3	3204
common_voice_fa_40365769.mp3	3816
common_voice_fa_40365827.mp3	3060
common_voice_fa_40684157.mp3	2556
common_voice_fa_40208130.mp3	2268
common_voice_fa_40682773.mp3	6012
common_voice_fa_40567551.mp3	1692
common_voice_fa_40697438.mp3	2268
common_voice_fa_40715086.mp3	3492
common_voice_fa_40624422.mp3	3024
common_voice_fa_40452790.mp3	4536
common_voice_fa_40256141.mp3	3132
common_voice_fa_40846503.mp3	5436
common_voice_fa_40684140.mp3	4176
common_voice_fa_40551635.mp3	2592
common_voice_fa_40845513.mp3	2772
common_voice_fa_40624549.mp3	1944
common_voice_fa_40864676.mp3	4680
common_voice_fa_40682780.mp3	7164
common_voice_fa_40715095.mp3	2484
common_voice_fa_40683276.mp3	6588
common_voice_fa_40625296.mp3	1620
common_voice_fa_40625415.mp3	2232
common_voice_fa_40367447.mp3	3780
common_voice_fa_40453402.mp3	4284
common_voice_fa_40613393.mp3	4068
common_voice_fa_40365714.mp3	5292
common_voice_fa_40846521.mp3	2736
common_voice_fa_40551647.mp3	3060
common_voice_fa_40846489.mp3	3024
common_voice_fa_40450937.mp3	4896
common_voice_fa_40719498.mp3	3708
common_voice_fa_40683734.mp3	3276
common_voice_fa_40625356.mp3	2088
common_voice_fa_40196618.mp3	3456
common_voice_fa_40448560.mp3	3384
common_voice_fa_40453395.mp3	4320
common_voice_fa_40528030.mp3	3240
common_voice_fa_40848044.mp3	2556
common_voice_fa_40625322.mp3	1908
common_voice_fa_40263450.mp3	2124
common_voice_fa_40567419.mp3	2736
common_voice_fa_40846506.mp3	1908
common_voice_fa_40683334.mp3	4860
common_voice_fa_40613397.mp3	3600
common_voice_fa_40683980.mp3	6696
common_voice_fa_40470732.mp3	5472
common_voice_fa_40486588.mp3	3852
common_voice_fa_40452728.mp3	4500
common_voice_fa_40605485.mp3	4140
common_voice_fa_40498554.mp3	2880
common_voice_fa_40567516.mp3	2448
common_voice_fa_40567436.mp3	4680
common_voice_fa_40684155.mp3	3240
common_voice_fa_40697479.mp3	1620
common_voice_fa_40447154.mp3	2376
common_voice_fa_40567425.mp3	2484
common_voice_fa_40847949.mp3	1800
common_voice_fa_40625485.mp3	2628
common_voice_fa_40846538.mp3	3024
common_voice_fa_40365846.mp3	3744
common_voice_fa_40848060.mp3	1692
common_voice_fa_40486585.mp3	2736
common_voice_fa_40196622.mp3	4860
common_voice_fa_40847976.mp3	1800
common_voice_fa_40683979.mp3	7380
common_voice_fa_40864646.mp3	2700
common_voice_fa_40624385.mp3	4032
common_voice_fa_40683704.mp3	4860
common_voice_fa_40626102.mp3	3348
common_voice_fa_40537212.mp3	4068
common_voice_fa_40682484.mp3	2016
common_voice_fa_40567426.mp3	3240
common_voice_fa_40682449.mp3	4176
common_voice_fa_40244316.mp3	3636
common_voice_fa_40847936.mp3	2412
common_voice_fa_40613392.mp3	2844
common_voice_fa_40848089.mp3	2448
common_voice_fa_40625210.mp3	1908
common_voice_fa_40625260.mp3	2772
common_voice_fa_40470128.mp3	4716
common_voice_fa_40196614.mp3	6156
common_voice_fa_40615402.mp3	2700
common_voice_fa_40244275.mp3	6048
common_voice_fa_40613409.mp3	3348
common_voice_fa_40682445.mp3	2448
common_voice_fa_40848155.mp3	1692
common_voice_fa_40603005.mp3	3816
common_voice_fa_40470696.mp3	1728
common_voice_fa_40682799.mp3	5940
common_voice_fa_40625483.mp3	3420
common_voice_fa_40567494.mp3	1800
common_voice_fa_40551642.mp3	2664
common_voice_fa_40683835.mp3	5076
common_voice_fa_40848136.mp3	5040
common_voice_fa_40567446.mp3	1584
common_voice_fa_40683863.mp3	2916
common_voice_fa_40812068.mp3	2304
common_voice_fa_40683719.mp3	4788
common_voice_fa_40624455.mp3	2448
common_voice_fa_40624252.mp3	3456
common_voice_fa_40683457.mp3	4968
common_voice_fa_40712902.mp3	3708
common_voice_fa_40848040.mp3	3096
common_voice_fa_40846481.mp3	4176
common_voice_fa_40498576.mp3	2484
common_voice_fa_40470120.mp3	4536
common_voice_fa_40651423.mp3	2772
common_voice_fa_40847946.mp3	1836
common_voice_fa_40365787.mp3	2880
common_voice_fa_40625223.mp3	2160
common_voice_fa_40625360.mp3	3024
common_voice_fa_40567471.mp3	3240
common_voice_fa_40435127.mp3	2520
common_voice_fa_40719493.mp3	3024
common_voice_fa_40715084.mp3	3816
common_voice_fa_40812150.mp3	3312
common_voice_fa_40812063.mp3	2340
common_voice_fa_40470131.mp3	2088
common_voice_fa_40864650.mp3	2844
common_voice_fa_40613395.mp3	3744
common_voice_fa_40624538.mp3	2196
common_voice_fa_40625377.mp3	4176
common_voice_fa_40682771.mp3	2592
common_voice_fa_40848128.mp3	2880
common_voice_fa_40682491.mp3	2592
common_voice_fa_40683523.mp3	6120
common_voice_fa_40719512.mp3	3276
common_voice_fa_40847966.mp3	1800
common_voice_fa_40256139.mp3	3420
common_voice_fa_40684064.mp3	2808
common_voice_fa_40470716.mp3	3204
common_voice_fa_40848066.mp3	3060
common_voice_fa_40846584.mp3	1476
common_voice_fa_40625493.mp3	4068
common_voice_fa_40651528.mp3	2880
common_voice_fa_40625549.mp3	4968
common_voice_fa_40624434.mp3	4608
common_voice_fa_40418991.mp3	2232
common_voice_fa_40626031.mp3	2808
common_voice_fa_40848085.mp3	1224
common_voice_fa_40682746.mp3	4464
common_voice_fa_40551637.mp3	4140
common_voice_fa_40435129.mp3	2808
common_voice_fa_40256253.mp3	4284
common_voice_fa_40625308.mp3	3672
common_voice_fa_40355685.mp3	7020
common_voice_fa_40683864.mp3	4608
common_voice_fa_40624509.mp3	4068
common_voice_fa_40208124.mp3	3168
common_voice_fa_40528044.mp3	3600
common_voice_fa_40683991.mp3	5616
common_voice_fa_40256299.mp3	2916
common_voice_fa_40625381.mp3	2916
common_voice_fa_40447160.mp3	3384
common_voice_fa_40567422.mp3	1944
common_voice_fa_40697492.mp3	3924
common_voice_fa_40435063.mp3	3780
common_voice_fa_40456371.mp3	4248
common_voice_fa_40626036.mp3	4464
common_voice_fa_40626101.mp3	4428
common_voice_fa_40625383.mp3	2664
common_voice_fa_40846563.mp3	2844
common_voice_fa_40847764.mp3	1800
common_voice_fa_40256162.mp3	3348
common_voice_fa_40683454.mp3	3996
common_voice_fa_40528021.mp3	2304
common_voice_fa_40624512.mp3	3096
common_voice_fa_40846471.mp3	3852
common_voice_fa_40484155.mp3	2448
common_voice_fa_40602906.mp3	3024
common_voice_fa_40528005.mp3	3060
common_voice_fa_40602929.mp3	2772
common_voice_fa_40625240.mp3	3132
common_voice_fa_40811456.mp3	5184
common_voice_fa_40355715.mp3	3456
common_voice_fa_40624282.mp3	2304
common_voice_fa_40715048.mp3	2556
common_voice_fa_40864658.mp3	2484
common_voice_fa_40626085.mp3	2160
common_voice_fa_40864659.mp3	3600
common_voice_fa_40683888.mp3	3420
common_voice_fa_40452720.mp3	3204
common_voice_fa_40537225.mp3	2412
common_voice_fa_40624294.mp3	2052
common_voice_fa_40848033.mp3	1548
common_voice_fa_40452771.mp3	4896
common_voice_fa_40528017.mp3	2268
common_voice_fa_40811483.mp3	3960
common_voice_fa_40625461.mp3	2628
common_voice_fa_40567543.mp3	2232
common_voice_fa_40625211.mp3	1620
common_voice_fa_40624506.mp3	2268
common_voice_fa_40551659.mp3	3024
common_voice_fa_40812043.mp3	3816
common_voice_fa_40848673.mp3	3240
common_voice_fa_40624290.mp3	2016
common_voice_fa_40450308.mp3	3096
common_voice_fa_40848018.mp3	4176
common_voice_fa_40567465.mp3	2772
common_voice_fa_40625511.mp3	1692
common_voice_fa_40603024.mp3	6192
common_voice_fa_40625413.mp3	1872
common_voice_fa_40470711.mp3	4752
common_voice_fa_40498577.mp3	3132
common_voice_fa_40651531.mp3	4428
common_voice_fa_40683655.mp3	5040
common_voice_fa_40812135.mp3	2088
common_voice_fa_40651375.mp3	4176
common_voice_fa_40498556.mp3	2412
common_voice_fa_40820313.mp3	4932
common_voice_fa_40797447.mp3	5148
common_voice_fa_40551639.mp3	2556
common_voice_fa_40567536.mp3	2952
common_voice_fa_40812224.mp3	2304
common_voice_fa_40846532.mp3	3024
common_voice_fa_40263446.mp3	2952
common_voice_fa_40712905.mp3	4320
common_voice_fa_40682770.mp3	3420
common_voice_fa_40820262.mp3	4032
common_voice_fa_40624488.mp3	1764
common_voice_fa_40256087.mp3	2880
common_voice_fa_40605480.mp3	4068
common_voice_fa_40625995.mp3	2556
common_voice_fa_40528026.mp3	1692
common_voice_fa_40820255.mp3	2376
common_voice_fa_40846550.mp3	3060
common_voice_fa_40682769.mp3	4572
common_voice_fa_40846551.mp3	3240
common_voice_fa_40682442.mp3	3456
common_voice_fa_40811492.mp3	3384
common_voice_fa_40811465.mp3	3168
common_voice_fa_40626032.mp3	3996
common_voice_fa_40603155.mp3	3060
common_voice_fa_40682781.mp3	2160
common_voice_fa_40551653.mp3	3744
common_voice_fa_40625486.mp3	4392
common_voice_fa_40625418.mp3	2052
common_voice_fa_40697445.mp3	4788
common_voice_fa_40848671.mp3	5472
common_voice_fa_40624257.mp3	2844
common_voice_fa_40684181.mp3	3708
common_voice_fa_40848059.mp3	3132
common_voice_fa_40256292.mp3	6372
common_voice_fa_40365804.mp3	2772
common_voice_fa_40256183.mp3	4248
common_voice_fa_40567534.mp3	3780
common_voice_fa_40683563.mp3	3636
common_voice_fa_40367387.mp3	4968
common_voice_fa_40698234.mp3	6552
common_voice_fa_40682465.mp3	1908
common_voice_fa_40435057.mp3	5976
common_voice_fa_40437411.mp3	3744
common_voice_fa_40625338.mp3	2736
common_voice_fa_40848109.mp3	3852
common_voice_fa_40811490.mp3	2628
common_voice_fa_40437618.mp3	2556
common_voice_fa_40625557.mp3	2016
common_voice_fa_40846609.mp3	3240
common_voice_fa_40551629.mp3	2772
common_voice_fa_40625385.mp3	2664
common_voice_fa_40625298.mp3	2196
common_voice_fa_40536216.mp3	4680
common_voice_fa_40624557.mp3	2196
common_voice_fa_40626018.mp3	1944
common_voice_fa_40625417.mp3	4140
common_voice_fa_40256150.mp3	2664
common_voice_fa_40712914.mp3	2052
common_voice_fa_40847997.mp3	2844
common_voice_fa_40567485.mp3	2088
common_voice_fa_40365788.mp3	4536
common_voice_fa_40712934.mp3	2412
common_voice_fa_40626013.mp3	2592
common_voice_fa_40624289.mp3	3096
common_voice_fa_40537206.mp3	3204
common_voice_fa_40256163.mp3	5868
common_voice_fa_40486587.mp3	3132
common_voice_fa_40536215.mp3	3492
common_voice_fa_40846570.mp3	2772
common_voice_fa_40712911.mp3	2376
common_voice_fa_40848025.mp3	4140
common_voice_fa_40682455.mp3	2340
common_voice_fa_40712859.mp3	2484
common_voice_fa_40470820.mp3	2988
common_voice_fa_40367425.mp3	2808
common_voice_fa_40848084.mp3	2700
common_voice_fa_40683673.mp3	5040
common_voice_fa_40256301.mp3	4536
common_voice_fa_40484157.mp3	5256
common_voice_fa_40625395.mp3	2088
common_voice_fa_40846520.mp3	2736
common_voice_fa_40625357.mp3	2232
common_voice_fa_40626016.mp3	3024
common_voice_fa_40624267.mp3	4536
common_voice_fa_40682468.mp3	1980
common_voice_fa_40848008.mp3	1440
common_voice_fa_40625536.mp3	3636
common_voice_fa_40683654.mp3	2880
common_voice_fa_40625555.mp3	3276
common_voice_fa_40715045.mp3	2520
common_voice_fa_40682810.mp3	1872
common_voice_fa_40684189.mp3	3348
common_voice_fa_40684144.mp3	6480
common_voice_fa_40567513.mp3	1800
common_voice_fa_40196623.mp3	3240
common_voice_fa_40498583.mp3	3060
common_voice_fa_40624419.mp3	3492
common_voice_fa_40847986.mp3	1980
common_voice_fa_40625206.mp3	2124
common_voice_fa_40567499.mp3	1728
common_voice_fa_40626088.mp3	2844
common_voice_fa_40846478.mp3	4464
common_voice_fa_40845505.mp3	3600
common_voice_fa_40470698.mp3	5220
common_voice_fa_40719495.mp3	4896
common_voice_fa_40625537.mp3	3564
common_voice_fa_40812235.mp3	3276
common_voice_fa_40715085.mp3	3168
common_voice_fa_40624536.mp3	4572
common_voice_fa_40812175.mp3	3528
common_voice_fa_40625225.mp3	1584
common_voice_fa_40625484.mp3	4284
common_voice_fa_40624334.mp3	4104
common_voice_fa_40256201.mp3	3276
common_voice_fa_40470712.mp3	3240
common_voice_fa_40498566.mp3	3456
common_voice_fa_40452760.mp3	4716
common_voice_fa_40848658.mp3	4572
common_voice_fa_40820293.mp3	3708
common_voice_fa_40712903.mp3	5616
common_voice_fa_40624398.mp3	3312
common_voice_fa_40625416.mp3	2628
common_voice_fa_40848032.mp3	2016
common_voice_fa_40712871.mp3	3204
common_voice_fa_40846480.mp3	2520
common_voice_fa_40256280.mp3	3528
common_voice_fa_40812041.mp3	2736
common_voice_fa_40551617.mp3	4932
common_voice_fa_40626052.mp3	2988
common_voice_fa_40846602.mp3	6084
common_voice_fa_40551652.mp3	2520
common_voice_fa_40812097.mp3	2232
common_voice_fa_40626087.mp3	2196
common_voice_fa_40602899.mp3	4068
common_voice_fa_40551657.mp3	2736
common_voice_fa_40567441.mp3	5040
common_voice_fa_40626048.mp3	3528
common_voice_fa_40848064.mp3	1368
common_voice_fa_40651400.mp3	5184
common_voice_fa_40456374.mp3	3060
common_voice_fa_40848141.mp3	4644
common_voice_fa_40470727.mp3	2700
common_voice_fa_40625336.mp3	3168
common_voice_fa_40567417.mp3	4392
common_voice_fa_40196620.mp3	4716
common_voice_fa_40848103.mp3	3600
common_voice_fa_40551663.mp3	2484
common_voice_fa_40624470.mp3	2304
common_voice_fa_40683631.mp3	3636
common_voice_fa_40625410.mp3	2844
common_voice_fa_40624228.mp3	4500
common_voice_fa_40365826.mp3	2088
common_voice_fa_40624337.mp3	4176
common_voice_fa_40565995.mp3	3168
common_voice_fa_40682807.mp3	2124
common_voice_fa_40567439.mp3	2592
common_voice_fa_40470132.mp3	5436
common_voice_fa_40448518.mp3	4032
common_voice_fa_40567407.mp3	3564
common_voice_fa_40683906.mp3	4536
common_voice_fa_40846517.mp3	1476
common_voice_fa_40811464.mp3	4752
common_voice_fa_40846572.mp3	2520
common_voice_fa_40626092.mp3	1836
common_voice_fa_40624511.mp3	1944
common_voice_fa_40848105.mp3	1692
common_voice_fa_40256261.mp3	2916
common_voice_fa_40719519.mp3	3744
common_voice_fa_40812086.mp3	2088
common_voice_fa_40624308.mp3	3636
common_voice_fa_40651370.mp3	4752
common_voice_fa_40846493.mp3	2268
common_voice_fa_40712841.mp3	3636
common_voice_fa_40848144.mp3	1152
common_voice_fa_40367440.mp3	2268
common_voice_fa_40624232.mp3	3456
common_voice_fa_40367436.mp3	3168
common_voice_fa_40684093.mp3	2340
common_voice_fa_40847999.mp3	2736
common_voice_fa_40196621.mp3	4896
common_voice_fa_40845522.mp3	4752
common_voice_fa_40683961.mp3	3888
common_voice_fa_40846523.mp3	3780
common_voice_fa_40355686.mp3	3168
common_voice_fa_40256184.mp3	4932
common_voice_fa_40683723.mp3	3276
common_voice_fa_40683584.mp3	4176
common_voice_fa_40683775.mp3	2880
common_voice_fa_40256124.mp3	4356
common_voice_fa_40367390.mp3	2556
common_voice_fa_40651488.mp3	3600
common_voice_fa_40367465.mp3	4176
common_voice_fa_40625463.mp3	1800
common_voice_fa_40452794.mp3	3960
common_voice_fa_40697490.mp3	3852
common_voice_fa_40812062.mp3	2160
common_voice_fa_40367458.mp3	4356
common_voice_fa_40453400.mp3	4572
common_voice_fa_40565940.mp3	2556
common_voice_fa_40812133.mp3	2412
common_voice_fa_40846573.mp3	3096
common_voice_fa_40613399.mp3	2700
common_voice_fa_40848071.mp3	3636
common_voice_fa_40812061.mp3	2268
common_voice_fa_40846604.mp3	1764
common_voice_fa_40365803.mp3	2772
common_voice_fa_40470133.mp3	4608
common_voice_fa_40567401.mp3	2772
common_voice_fa_40470811.mp3	1692
common_voice_fa_40846488.mp3	4464
common_voice_fa_40848127.mp3	1764
common_voice_fa_40848161.mp3	2736
common_voice_fa_40256159.mp3	3420
common_voice_fa_40625424.mp3	2052
common_voice_fa_40846470.mp3	2736
common_voice_fa_40626080.mp3	4392
common_voice_fa_40418988.mp3	6228
common_voice_fa_40602920.mp3	5220
common_voice_fa_40625457.mp3	3204
common_voice_fa_40626073.mp3	2088
common_voice_fa_40567505.mp3	4248
common_voice_fa_40684191.mp3	5688
common_voice_fa_40418997.mp3	6948
common_voice_fa_40698236.mp3	3960
common_voice_fa_40626042.mp3	2124
common_voice_fa_40551671.mp3	4320
common_voice_fa_40848134.mp3	2304
common_voice_fa_40847995.mp3	6372
common_voice_fa_40845511.mp3	5688
common_voice_fa_40651356.mp3	2736
common_voice_fa_40470726.mp3	1692
common_voice_fa_40528022.mp3	2520
common_voice_fa_40698231.mp3	3024
common_voice_fa_40846474.mp3	2664
common_voice_fa_40846475.mp3	1908
common_voice_fa_40256134.mp3	3312
common_voice_fa_40453399.mp3	3744
common_voice_fa_40567468.mp3	2844
common_voice_fa_40698213.mp3	3456
common_voice_fa_40565945.mp3	4752
common_voice_fa_40712950.mp3	3528
common_voice_fa_40683526.mp3	2988
common_voice_fa_40551672.mp3	3708
common_voice_fa_40367400.mp3	4716
common_voice_fa_40435137.mp3	3168
common_voice_fa_40697439.mp3	3240
common_voice_fa_40624333.mp3	2304
common_voice_fa_40683277.mp3	3240
common_voice_fa_40567533.mp3	3564
common_voice_fa_40683774.mp3	2628
common_voice_fa_40683571.mp3	5760
common_voice_fa_40624324.mp3	2340
common_voice_fa_40536210.mp3	3240
common_voice_fa_40712907.mp3	3168
common_voice_fa_40452710.mp3	2160
common_voice_fa_40820259.mp3	2268
common_voice_fa_40683905.mp3	6120
common_voice_fa_40367398.mp3	3276
common_voice_fa_40848167.mp3	4392
common_voice_fa_40626071.mp3	1728
common_voice_fa_40256086.mp3	5508
common_voice_fa_40848054.mp3	2232
common_voice_fa_40256267.mp3	3672
common_voice_fa_40682745.mp3	1800
common_voice_fa_40450941.mp3	3132
common_voice_fa_40624253.mp3	2700
common_voice_fa_40683469.mp3	2736
common_voice_fa_40528000.mp3	3024
common_voice_fa_40441712.mp3	3168
common_voice_fa_40846469.mp3	3744
common_voice_fa_40812153.mp3	2196
common_voice_fa_40683769.mp3	4356
common_voice_fa_40624466.mp3	2052
common_voice_fa_40551634.mp3	3924
common_voice_fa_40847973.mp3	4032
common_voice_fa_40682440.mp3	1584
common_voice_fa_40256168.mp3	2772
common_voice_fa_40256170.mp3	2952
common_voice_fa_40684122.mp3	2808
common_voice_fa_40603151.mp3	3816
common_voice_fa_40848072.mp3	1980
common_voice_fa_40626067.mp3	2124
common_voice_fa_40447155.mp3	3312
common_voice_fa_40528010.mp3	4212
common_voice_fa_40848098.mp3	1656
common_voice_fa_40683350.mp3	3420
common_voice_fa_40820269.mp3	3024
common_voice_fa_40864664.mp3	1620
common_voice_fa_40625226.mp3	2196
common_voice_fa_40847937.mp3	2304
common_voice_fa_40846485.mp3	2304
common_voice_fa_40848116.mp3	2124
common_voice_fa_40846566.mp3	3816
common_voice_fa_40698230.mp3	2916
common_voice_fa_40256264.mp3	3852
common_voice_fa_40626030.mp3	1980
common_voice_fa_40367463.mp3	3096
common_voice_fa_40683562.mp3	4968
common_voice_fa_40847959.mp3	2700
common_voice_fa_40683786.mp3	5868
common_voice_fa_40528042.mp3	2628
common_voice_fa_40355687.mp3	3276
common_voice_fa_40567433.mp3	3276
common_voice_fa_40602933.mp3	2844
common_voice_fa_40435128.mp3	3240
common_voice_fa_40625482.mp3	2844
common_voice_fa_40712873.mp3	2412
common_voice_fa_40613406.mp3	3276
common_voice_fa_40551673.mp3	2880
common_voice_fa_40537192.mp3	1440
common_voice_fa_40486590.mp3	3384
common_voice_fa_40624436.mp3	3024
common_voice_fa_40683722.mp3	2736
common_voice_fa_40651539.mp3	2880
common_voice_fa_40528012.mp3	2952
common_voice_fa_40603551.mp3	5796
common_voice_fa_40848063.mp3	2304
common_voice_fa_40624339.mp3	2124
common_voice_fa_40683885.mp3	4320
common_voice_fa_40682482.mp3	4392
common_voice_fa_40613387.mp3	3096
common_voice_fa_40567462.mp3	2052
common_voice_fa_40683832.mp3	3600
common_voice_fa_40418989.mp3	3996
common_voice_fa_40682862.mp3	2412
common_voice_fa_40651380.mp3	3204
common_voice_fa_40625380.mp3	3384
common_voice_fa_40846558.mp3	1944
common_voice_fa_40256283.mp3	2664
common_voice_fa_40712948.mp3	4572
common_voice_fa_40683585.mp3	4716
common_voice_fa_40848142.mp3	4968
common_voice_fa_40698215.mp3	3816
common_voice_fa_40536212.mp3	3096
common_voice_fa_40435111.mp3	3780
common_voice_fa_40542972.mp3	2448
common_voice_fa_40256271.mp3	3492
common_voice_fa_40453401.mp3	4356
common_voice_fa_40811488.mp3	3456
common_voice_fa_40567521.mp3	2340
common_voice_fa_40365742.mp3	5652
common_voice_fa_40684054.mp3	3960
common_voice_fa_40812052.mp3	2160
common_voice_fa_40812111.mp3	2664
common_voice_fa_40820295.mp3	2052
common_voice_fa_40626069.mp3	3528
common_voice_fa_40567472.mp3	2664
common_voice_fa_40625253.mp3	1908
common_voice_fa_40697457.mp3	2556
common_voice_fa_40846533.mp3	4680
common_voice_fa_40683273.mp3	4788
common_voice_fa_40624353.mp3	3060
common_voice_fa_40651406.mp3	3132
common_voice_fa_40715031.mp3	5652
common_voice_fa_40848133.mp3	1548
common_voice_fa_40528041.mp3	5760
common_voice_fa_40365741.mp3	4428
common_voice_fa_40683456.mp3	4320
common_voice_fa_40683935.mp3	4356
common_voice_fa_40684095.mp3	4500
common_voice_fa_40365713.mp3	5904
common_voice_fa_40625492.mp3	3420
common_voice_fa_40847969.mp3	6120
common_voice_fa_40624348.mp3	2340
common_voice_fa_40244277.mp3	6660
common_voice_fa_40626111.mp3	3780
common_voice_fa_40528032.mp3	3204
common_voice_fa_40537189.mp3	3492
common_voice_fa_40684131.mp3	3276
common_voice_fa_40411177.mp3	3852
common_voice_fa_40625254.mp3	1944
common_voice_fa_40848021.mp3	2124
common_voice_fa_40528043.mp3	4716
common_voice_fa_40625306.mp3	2304
common_voice_fa_40864643.mp3	2052
common_voice_fa_40435113.mp3	4068
common_voice_fa_40820307.mp3	2448
common_voice_fa_40698207.mp3	3456
common_voice_fa_40551646.mp3	4356
common_voice_fa_40498579.mp3	1620
common_voice_fa_40848100.mp3	1836
common_voice_fa_40442035.mp3	2988
common_voice_fa_40626104.mp3	3708
common_voice_fa_40567450.mp3	2592
common_voice_fa_40486579.mp3	4644
common_voice_fa_40820264.mp3	3168
common_voice_fa_40626035.mp3	2952
common_voice_fa_40683567.mp3	4896
common_voice_fa_40864671.mp3	3132
common_voice_fa_40683368.mp3	5328
common_voice_fa_40613383.mp3	2376
common_voice_fa_40256090.mp3	5148
common_voice_fa_40625217.mp3	3528
common_voice_fa_40367386.mp3	3960
common_voice_fa_40448558.mp3	2664
common_voice_fa_40613391.mp3	2340
common_voice_fa_40820290.mp3	4464
common_voice_fa_40626043.mp3	3384
common_voice_fa_40820304.mp3	2556
common_voice_fa_40567469.mp3	2196
common_voice_fa_40365768.mp3	3420
common_voice_fa_40624354.mp3	3132
common_voice_fa_40847968.mp3	2412
common_voice_fa_40626065.mp3	4716
common_voice_fa_40447153.mp3	6300
common_voice_fa_40625300.mp3	2160
common_voice_fa_40470129.mp3	2412
common_voice_fa_40602898.mp3	2376
common_voice_fa_40542969.mp3	2880
common_voice_fa_40698212.mp3	3240
common_voice_fa_40845523.mp3	1944
common_voice_fa_40624489.mp3	2340
common_voice_fa_40684153.mp3	3528
common_voice_fa_40537200.mp3	2304
common_voice_fa_40613380.mp3	3708
common_voice_fa_40682400.mp3	4104
common_voice_fa_40256273.mp3	2700
common_voice_fa_40625432.mp3	1944
common_voice_fa_40602895.mp3	2448
common_voice_fa_40624396.mp3	3312
common_voice_fa_40542966.mp3	3816
common_voice_fa_40625523.mp3	2448
common_voice_fa_40470728.mp3	2304
common_voice_fa_40442026.mp3	4644
common_voice_fa_40683838.mp3	4176
common_voice_fa_40684133.mp3	2376
common_voice_fa_40651405.mp3	4788
common_voice_fa_40435132.mp3	2196
common_voice_fa_40625287.mp3	3528
common_voice_fa_40484168.mp3	6912
common_voice_fa_40683920.mp3	3780
common_voice_fa_40682784.mp3	2448
common_voice_fa_40846525.mp3	2304
common_voice_fa_40683790.mp3	3960
common_voice_fa_40684057.mp3	3528
common_voice_fa_40470135.mp3	4644
common_voice_fa_40820291.mp3	3240
common_voice_fa_40625309.mp3	3060
common_voice_fa_40683936.mp3	4068
common_voice_fa_40528016.mp3	3492
common_voice_fa_40567420.mp3	2124
common_voice_fa_40498575.mp3	5076
common_voice_fa_40812152.mp3	2196
common_voice_fa_40551649.mp3	4608
common_voice_fa_40683872.mp3	2736
common_voice_fa_40452781.mp3	3636
common_voice_fa_40470700.mp3	1980
common_voice_fa_40683527.mp3	2916
common_voice_fa_40470817.mp3	2052
common_voice_fa_40256185.mp3	3816
common_voice_fa_40567495.mp3	4356
common_voice_fa_40626083.mp3	1728
common_voice_fa_40263447.mp3	2772
common_voice_fa_40453397.mp3	2556
common_voice_fa_40625443.mp3	2556
common_voice_fa_40367426.mp3	3096
common_voice_fa_40846610.mp3	2556
common_voice_fa_40603543.mp3	3492
common_voice_fa_40625258.mp3	3744
common_voice_fa_40624352.mp3	2268
common_voice_fa_40626090.mp3	2088
common_voice_fa_40625401.mp3	3420
common_voice_fa_40846614.mp3	1764
common_voice_fa_40812079.mp3	1980
common_voice_fa_40625466.mp3	2952
common_voice_fa_40624369.mp3	2628
common_voice_fa_40651427.mp3	3888
common_voice_fa_40848659.mp3	6984
common_voice_fa_40847978.mp3	4104
common_voice_fa_40208121.mp3	2520
common_voice_fa_40567463.mp3	4140
common_voice_fa_40435110.mp3	4968
common_voice_fa_40551641.mp3	4572
common_voice_fa_40567435.mp3	2124
common_voice_fa_40624371.mp3	2448
common_voice_fa_40625376.mp3	1908
common_voice_fa_40684067.mp3	4140
common_voice_fa_40615401.mp3	1872
common_voice_fa_40847955.mp3	2412
common_voice_fa_40625546.mp3	1620
common_voice_fa_40684061.mp3	5400
common_voice_fa_40452793.mp3	4896
common_voice_fa_40256290.mp3	2700
common_voice_fa_40683367.mp3	3168
common_voice_fa_40567456.mp3	3564
common_voice_fa_40820261.mp3	3276
common_voice_fa_40848163.mp3	2448
common_voice_fa_40624227.mp3	4068
common_voice_fa_40256305.mp3	3060
common_voice_fa_40437407.mp3	3132
common_voice_fa_40848070.mp3	2772
common_voice_fa_40715094.mp3	2412
common_voice_fa_40820301.mp3	4284
common_voice_fa_40683600.mp3	3600
common_voice_fa_40845514.mp3	1728
common_voice_fa_40498555.mp3	4284
common_voice_fa_40846490.mp3	2016
common_voice_fa_40537217.mp3	3096
common_voice_fa_40437619.mp3	4752
common_voice_fa_40470130.mp3	2340
common_voice_fa_40848050.mp3	1764
common_voice_fa_40567482.mp3	1872
common_voice_fa_40847939.mp3	4428
common_voice_fa_40811491.mp3	2808
common_voice_fa_40848091.mp3	1404
common_voice_fa_40367414.mp3	4320
common_voice_fa_40715067.mp3	3528
common_voice_fa_40683552.mp3	3276
common_voice_fa_40624394.mp3	2088
common_voice_fa_40682797.mp3	3996
common_voice_fa_40812131.mp3	2016
common_voice_fa_40470708.mp3	2052
common_voice_fa_40367435.mp3	4428
common_voice_fa_40683529.mp3	3348
common_voice_fa_40683498.mp3	6948
common_voice_fa_40567405.mp3	4752
common_voice_fa_40486584.mp3	3780
common_voice_fa_40624447.mp3	2304
common_voice_fa_40811467.mp3	4716
common_voice_fa_40567515.mp3	2448
common_voice_fa_40698210.mp3	5616
common_voice_fa_40698214.mp3	2592
common_voice_fa_40848102.mp3	3852
common_voice_fa_40256165.mp3	2484
common_voice_fa_40605483.mp3	1908
common_voice_fa_40848159.mp3	5436
common_voice_fa_40712719.mp3	3060
common_voice_fa_40846509.mp3	1980
common_voice_fa_40682444.mp3	3096
common_voice_fa_40367423.mp3	5328
common_voice_fa_40602931.mp3	2916
common_voice_fa_40845506.mp3	2448
common_voice_fa_40683937.mp3	4536
common_voice_fa_40624406.mp3	3672
common_voice_fa_40848154.mp3	2160
common_voice_fa_40682403.mp3	4788
common_voice_fa_40683968.mp3	4968
common_voice_fa_40811511.mp3	2304
common_voice_fa_40567547.mp3	1764
common_voice_fa_40602935.mp3	2268
common_voice_fa_40684169.mp3	3780
common_voice_fa_40683556.mp3	5580
common_voice_fa_40365832.mp3	2736
common_voice_fa_40528002.mp3	6732
common_voice_fa_40256294.mp3	2736
common_voice_fa_40435120.mp3	3996
common_voice_fa_40470721.mp3	2844
common_voice_fa_40683805.mp3	2952
common_voice_fa_40448517.mp3	5040
common_voice_fa_40683569.mp3	2988
common_voice_fa_40684167.mp3	3456
common_voice_fa_40682453.mp3	2160
common_voice_fa_40684194.mp3	3816
common_voice_fa_40820314.mp3	2772
common_voice_fa_40647334.mp3	2700
common_voice_fa_40528037.mp3	1692
common_voice_fa_40812093.mp3	4680
common_voice_fa_40355714.mp3	4896
common_voice_fa_40683865.mp3	3636
common_voice_fa_40528027.mp3	2052
common_voice_fa_40528038.mp3	3816
common_voice_fa_40683825.mp3	2916
common_voice_fa_40848093.mp3	2160
common_voice_fa_40470813.mp3	2412
common_voice_fa_40624305.mp3	2988
common_voice_fa_40626040.mp3	3096
common_voice_fa_40528004.mp3	1908
common_voice_fa_40626075.mp3	3672
common_voice_fa_40682458.mp3	3096
common_voice_fa_40683606.mp3	3060
common_voice_fa_40470810.mp3	5436
common_voice_fa_40567416.mp3	3204
common_voice_fa_40846547.mp3	1872
common_voice_fa_40452795.mp3	2736
common_voice_fa_40256276.mp3	2052
common_voice_fa_40447158.mp3	3636
common_voice_fa_40626007.mp3	2016
common_voice_fa_40712839.mp3	3168
common_voice_fa_40625241.mp3	3492
common_voice_fa_40624438.mp3	1944
common_voice_fa_40567449.mp3	1944
common_voice_fa_40624423.mp3	1692
common_voice_fa_40846531.mp3	3564
common_voice_fa_40847994.mp3	2052
common_voice_fa_40846526.mp3	3132
common_voice_fa_40812053.mp3	3564
common_voice_fa_40470136.mp3	4644
common_voice_fa_40846582.mp3	4320
common_voice_fa_40437410.mp3	4392
common_voice_fa_40256142.mp3	3132
common_voice_fa_40820263.mp3	2808
common_voice_fa_40624342.mp3	3312
common_voice_fa_40625319.mp3	3312
common_voice_fa_40846577.mp3	2304
common_voice_fa_40651449.mp3	3600
common_voice_fa_40624266.mp3	1764
common_voice_fa_40812045.mp3	4464
common_voice_fa_40811508.mp3	4248
common_voice_fa_40470743.mp3	2484
common_voice_fa_40624437.mp3	2556
common_voice_fa_40256288.mp3	4176
common_voice_fa_40697435.mp3	3240
common_voice_fa_40848073.mp3	2052
common_voice_fa_40625502.mp3	3060
common_voice_fa_40848042.mp3	2916
common_voice_fa_40626063.mp3	3168
common_voice_fa_40625205.mp3	1944
common_voice_fa_40470722.mp3	3996
common_voice_fa_40864654.mp3	3708
common_voice_fa_40684170.mp3	3636
common_voice_fa_40812092.mp3	2916
common_voice_fa_40625547.mp3	2592
common_voice_fa_40848023.mp3	3096
common_voice_fa_40486577.mp3	2160
common_voice_fa_40712933.mp3	2088
common_voice_fa_40848075.mp3	2952
common_voice_fa_40683839.mp3	3564
common_voice_fa_40811485.mp3	2556
common_voice_fa_40437406.mp3	3528
common_voice_fa_40683451.mp3	5688
common_voice_fa_40625491.mp3	2484
common_voice_fa_40625276.mp3	5220
common_voice_fa_40536209.mp3	2664
common_voice_fa_40712855.mp3	4464
common_voice_fa_40848097.mp3	1260
common_voice_fa_40846615.mp3	1980
common_voice_fa_40470715.mp3	4428
common_voice_fa_40624551.mp3	3708
common_voice_fa_40355689.mp3	2988
common_voice_fa_40422571.mp3	4140
common_voice_fa_40498588.mp3	2304
common_voice_fa_40682747.mp3	2160
common_voice_fa_40625361.mp3	2160
common_voice_fa_40528008.mp3	2196
common_voice_fa_40624234.mp3	2988
common_voice_fa_40365840.mp3	3276
common_voice_fa_40683366.mp3	3240
common_voice_fa_40684123.mp3	4896
common_voice_fa_40367405.mp3	3456
common_voice_fa_40683862.mp3	2700
common_voice_fa_40567434.mp3	3672
common_voice_fa_40846508.mp3	2196
common_voice_fa_40697463.mp3	4716
common_voice_fa_40435119.mp3	2736
common_voice_fa_40864666.mp3	2520
common_voice_fa_40684160.mp3	3636
common_voice_fa_40626054.mp3	3168
common_voice_fa_40196617.mp3	4356
common_voice_fa_40470706.mp3	3276
common_voice_fa_40626057.mp3	4140
common_voice_fa_40470821.mp3	3312
common_voice_fa_40683788.mp3	4860
common_voice_fa_40683599.mp3	4860
common_voice_fa_40567517.mp3	2736
common_voice_fa_40712858.mp3	2340
common_voice_fa_40452700.mp3	2988
common_voice_fa_40847993.mp3	5724
common_voice_fa_40812088.mp3	3564
common_voice_fa_40846574.mp3	2736
common_voice_fa_40411180.mp3	4176
common_voice_fa_40365711.mp3	5292
common_voice_fa_40624469.mp3	2304
common_voice_fa_40208117.mp3	4896
common_voice_fa_40435140.mp3	3420
common_voice_fa_40812176.mp3	2448
common_voice_fa_40256270.mp3	3312
common_voice_fa_40682406.mp3	3636
common_voice_fa_40848039.mp3	2520
common_voice_fa_40684112.mp3	3060
common_voice_fa_40848005.mp3	2628
common_voice_fa_40567445.mp3	4176
common_voice_fa_40528020.mp3	2844
common_voice_fa_40682443.mp3	2124
common_voice_fa_40256122.mp3	3744
common_voice_fa_40698209.mp3	6048
common_voice_fa_40452759.mp3	4896
common_voice_fa_40528003.mp3	2160
common_voice_fa_40697460.mp3	2088
common_voice_fa_40625979.mp3	1764
common_voice_fa_40537213.mp3	5976
common_voice_fa_40367450.mp3	2700
common_voice_fa_40435125.mp3	3420
common_voice_fa_40567437.mp3	2196
common_voice_fa_40613382.mp3	2160
common_voice_fa_40625375.mp3	2700
common_voice_fa_40484153.mp3	2880
common_voice_fa_40256293.mp3	3600
common_voice_fa_40683643.mp3	3636
common_voice_fa_40256278.mp3	4032
common_voice_fa_40848034.mp3	3456
common_voice_fa_40683274.mp3	3528
common_voice_fa_40625359.mp3	2196
common_voice_fa_40784382.mp3	12348
common_voice_fa_40682854.mp3	3636
common_voice_fa_40624550.mp3	2628
common_voice_fa_40848104.mp3	2196
common_voice_fa_40567476.mp3	2736
common_voice_fa_40625261.mp3	1980
common_voice_fa_40651424.mp3	3744
common_voice_fa_40367407.mp3	4356
common_voice_fa_40567473.mp3	1944
common_voice_fa_40683871.mp3	3168
common_voice_fa_40435117.mp3	3060
common_voice_fa_40698221.mp3	2772
common_voice_fa_40624263.mp3	3888
common_voice_fa_40812114.mp3	2088
common_voice_fa_40651357.mp3	4932
common_voice_fa_40812173.mp3	4716
common_voice_fa_40367441.mp3	2736
common_voice_fa_40812171.mp3	2196
common_voice_fa_40624338.mp3	3312
common_voice_fa_40848019.mp3	4140
common_voice_fa_40848106.mp3	3780
common_voice_fa_40470812.mp3	2772
common_voice_fa_40697476.mp3	2196
common_voice_fa_40625987.mp3	2448
common_voice_fa_40537224.mp3	2196
common_voice_fa_40847948.mp3	1764
common_voice_fa_40847975.mp3	2160
common_voice_fa_40848160.mp3	3528
common_voice_fa_40848107.mp3	3024
common_voice_fa_40682472.mp3	1908
common_voice_fa_40820306.mp3	3960
common_voice_fa_40256265.mp3	4896
common_voice_fa_40624325.mp3	1908
common_voice_fa_40812174.mp3	4752
common_voice_fa_40651448.mp3	2340
common_voice_fa_40470737.mp3	4032
common_voice_fa_40697468.mp3	2952
common_voice_fa_40238026.mp3	3888
common_voice_fa_40812065.mp3	6480
common_voice_fa_40712727.mp3	5328
common_voice_fa_40624357.mp3	5904
common_voice_fa_40847996.mp3	2700
common_voice_fa_40567475.mp3	1980
common_voice_fa_40846495.mp3	2772
common_voice_fa_40811503.mp3	2484
common_voice_fa_40605479.mp3	2340
common_voice_fa_40536213.mp3	4104
common_voice_fa_40625990.mp3	6012
common_voice_fa_40365764.mp3	6192
common_voice_fa_40450940.mp3	3060
common_voice_fa_40847988.mp3	2376
common_voice_fa_40682847.mp3	3096
common_voice_fa_40697491.mp3	4140
common_voice_fa_40208136.mp3	2988
common_voice_fa_40567491.mp3	2052
common_voice_fa_40256285.mp3	3672
common_voice_fa_40847979.mp3	4860
common_voice_fa_40651452.mp3	2772
common_voice_fa_40470745.mp3	2916
common_voice_fa_40256161.mp3	5508
common_voice_fa_40846498.mp3	2016
common_voice_fa_40435131.mp3	2520
common_voice_fa_40625363.mp3	2304
common_voice_fa_40848118.mp3	3636
common_voice_fa_40683938.mp3	3420
common_voice_fa_40626078.mp3	1836
common_voice_fa_40626058.mp3	2880
common_voice_fa_40647332.mp3	1800
common_voice_fa_40256137.mp3	3600
common_voice_fa_40864642.mp3	5544
common_voice_fa_40567451.mp3	2448
common_voice_fa_40355712.mp3	2988
common_voice_fa_40647331.mp3	1944
common_voice_fa_40365767.mp3	3132
common_voice_fa_40537214.mp3	2412
common_voice_fa_40683349.mp3	3168
common_voice_fa_40712832.mp3	3888
common_voice_fa_40528045.mp3	4680
common_voice_fa_40625468.mp3	3456
common_voice_fa_40846601.mp3	5580
common_voice_fa_40365755.mp3	3132
common_voice_fa_40470739.mp3	3600
common_voice_fa_40651544.mp3	3672
common_voice_fa_40624291.mp3	2340
common_voice_fa_40683603.mp3	6516
common_voice_fa_40196615.mp3	3888
common_voice_fa_40486589.mp3	3636
common_voice_fa_40626038.mp3	4248
common_voice_fa_40470747.mp3	4320
common_voice_fa_40498567.mp3	2376
common_voice_fa_40456372.mp3	2376
common_voice_fa_40846479.mp3	3456
common_voice_fa_40847989.mp3	2700
common_voice_fa_40626015.mp3	3636
common_voice_fa_40567459.mp3	3132
common_voice_fa_40864645.mp3	3096
common_voice_fa_40418990.mp3	5580
common_voice_fa_40470731.mp3	3996
common_voice_fa_40846468.mp3	3564
common_voice_fa_40820302.mp3	4428
common_voice_fa_40435130.mp3	2988
common_voice_fa_40624214.mp3	2016
common_voice_fa_40411179.mp3	4176
common_voice_fa_40452792.mp3	5148
common_voice_fa_40846546.mp3	3924
common_voice_fa_40367460.mp3	5868
common_voice_fa_40624368.mp3	1980
common_voice_fa_40625422.mp3	1584
common_voice_fa_40626098.mp3	2628
common_voice_fa_40647325.mp3	3636
common_voice_fa_40820310.mp3	2124
common_voice_fa_40551674.mp3	3096
common_voice_fa_40847990.mp3	2052
common_voice_fa_40846519.mp3	1980
common_voice_fa_40811507.mp3	3564
common_voice_fa_40452699.mp3	2484
common_voice_fa_40615399.mp3	3888
common_voice_fa_40846518.mp3	2412
common_voice_fa_40625499.mp3	4680
common_voice_fa_40846515.mp3	4824
common_voice_fa_40682841.mp3	3528
common_voice_fa_40626074.mp3	4284
common_voice_fa_40244278.mp3	3636
common_voice_fa_40683939.mp3	4536
common_voice_fa_40846476.mp3	3528
common_voice_fa_40484166.mp3	2880
common_voice_fa_40846593.mp3	2340
common_voice_fa_40613386.mp3	2016
common_voice_fa_40684065.mp3	4536
common_voice_fa_40848135.mp3	3240
common_voice_fa_40437617.mp3	3708
common_voice_fa_40651395.mp3	2844
common_voice_fa_40684109.mp3	4788
common_voice_fa_40811454.mp3	4356
common_voice_fa_40567503.mp3	2988
common_voice_fa_40683604.mp3	5616
common_voice_fa_40624548.mp3	4068
common_voice_fa_40624510.mp3	3780
common_voice_fa_40437403.mp3	3960
common_voice_fa_40625321.mp3	3960
common_voice_fa_40367464.mp3	2448
common_voice_fa_40683784.mp3	1800
common_voice_fa_40625998.mp3	2664
common_voice_fa_40848090.mp3	3276
common_voice_fa_40528009.mp3	2844
common_voice_fa_40537196.mp3	5832
common_voice_fa_40683630.mp3	4428
common_voice_fa_40651354.mp3	2340
common_voice_fa_40435062.mp3	4680
common_voice_fa_40719513.mp3	2520
common_voice_fa_40603023.mp3	3528
common_voice_fa_40365762.mp3	2736
common_voice_fa_40256282.mp3	3096
common_voice_fa_40613388.mp3	5040
common_voice_fa_40848165.mp3	4464
common_voice_fa_40719516.mp3	2988
common_voice_fa_40684141.mp3	5580
common_voice_fa_40365843.mp3	3528
common_voice_fa_40848055.mp3	2376
common_voice_fa_40367461.mp3	2808
common_voice_fa_40625318.mp3	2916
common_voice_fa_40450932.mp3	6372
common_voice_fa_40683499.mp3	5220
common_voice_fa_40848038.mp3	3780
common_voice_fa_40567487.mp3	3132
common_voice_fa_40682772.mp3	5040
common_voice_fa_40848011.mp3	1692
common_voice_fa_40256133.mp3	3708
common_voice_fa_40864673.mp3	3348
common_voice_fa_40208131.mp3	3276
common_voice_fa_40613400.mp3	3600
common_voice_fa_40625231.mp3	2484
common_voice_fa_40603556.mp3	4320
common_voice_fa_40470705.mp3	4716
common_voice_fa_40683814.mp3	3960
common_voice_fa_40603541.mp3	2160
common_voice_fa_40697461.mp3	3276
common_voice_fa_40812223.mp3	3816
common_voice_fa_40625288.mp3	3276
common_voice_fa_40624507.mp3	2268
common_voice_fa_40624226.mp3	3672
common_voice_fa_40846603.mp3	2916
common_voice_fa_40626019.mp3	7164
common_voice_fa_40682802.mp3	5868
common_voice_fa_40626022.mp3	3240
common_voice_fa_40647328.mp3	2556
common_voice_fa_40698228.mp3	3024
common_voice_fa_40528029.mp3	5472
common_voice_fa_40820257.mp3	5328
common_voice_fa_40452701.mp3	3456
common_voice_fa_40698232.mp3	2412
common_voice_fa_40626047.mp3	3636
common_voice_fa_40651483.mp3	4644
common_voice_fa_40441709.mp3	2268
common_voice_fa_40712826.mp3	3636
common_voice_fa_40846598.mp3	2808
common_voice_fa_40684150.mp3	5760
common_voice_fa_40846606.mp3	2340
common_voice_fa_40682759.mp3	2448
common_voice_fa_40812232.mp3	1800
common_voice_fa_40848162.mp3	3132
common_voice_fa_40528039.mp3	4284
common_voice_fa_40625510.mp3	1908
common_voice_fa_40846617.mp3	3960
common_voice_fa_40567461.mp3	2376
common_voice_fa_40208120.mp3	3708
common_voice_fa_40647333.mp3	1944
common_voice_fa_40684069.mp3	4680
common_voice_fa_40551628.mp3	2736
common_voice_fa_40848057.mp3	3924
common_voice_fa_40626060.mp3	2340
common_voice_fa_40812070.mp3	2952
common_voice_fa_40847985.mp3	1980
common_voice_fa_40682744.mp3	2556
common_voice_fa_40712926.mp3	2736
common_voice_fa_40624454.mp3	1656
common_voice_fa_40846579.mp3	4392
common_voice_fa_40712842.mp3	2520
common_voice_fa_40624448.mp3	1728
common_voice_fa_40812233.mp3	4284
common_voice_fa_40847951.mp3	3636
common_voice_fa_40864678.mp3	3636
common_voice_fa_40551633.mp3	3888
common_voice_fa_40445568.mp3	1692
common_voice_fa_40602938.mp3	2124
common_voice_fa_40256148.mp3	2952
common_voice_fa_40847945.mp3	3276
common_voice_fa_40625257.mp3	4896
common_voice_fa_40784379.mp3	12672
common_voice_fa_40602932.mp3	3060
common_voice_fa_40365777.mp3	3420
common_voice_fa_40846502.mp3	1584
common_voice_fa_40603008.mp3	1908
common_voice_fa_40683966.mp3	5148
common_voice_fa_40626086.mp3	1980
common_voice_fa_40697473.mp3	3564
common_voice_fa_40603007.mp3	2124
common_voice_fa_40624490.mp3	2088
common_voice_fa_40437615.mp3	4608
common_voice_fa_40365828.mp3	3204
common_voice_fa_40625548.mp3	2916
common_voice_fa_40683601.mp3	3456
common_voice_fa_40365794.mp3	3888
common_voice_fa_40419001.mp3	3780
common_voice_fa_40528015.mp3	3492
common_voice_fa_40683605.mp3	3528
common_voice_fa_40256304.mp3	2556
common_voice_fa_40567457.mp3	2304
common_voice_fa_40683744.mp3	4248
common_voice_fa_40651537.mp3	2664
common_voice_fa_40684070.mp3	3096
common_voice_fa_40625230.mp3	2052
common_voice_fa_40784381.mp3	10116
common_voice_fa_40624281.mp3	1908
common_voice_fa_40567418.mp3	5580
common_voice_fa_40613384.mp3	2736
common_voice_fa_40848166.mp3	2052
common_voice_fa_40256291.mp3	3708
common_voice_fa_40625453.mp3	2520
common_voice_fa_40848156.mp3	2016
common_voice_fa_40435126.mp3	3816
common_voice_fa_40625994.mp3	1620
common_voice_fa_40626096.mp3	1872
common_voice_fa_40848148.mp3	2556
common_voice_fa_40848028.mp3	4536
common_voice_fa_40845515.mp3	2232
common_voice_fa_40846559.mp3	2880
common_voice_fa_40551665.mp3	2664
common_voice_fa_40651403.mp3	2196
common_voice_fa_40624351.mp3	1872
common_voice_fa_40625508.mp3	5400
common_voice_fa_40684192.mp3	4716
common_voice_fa_40848672.mp3	2772
common_voice_fa_40625323.mp3	1764
common_voice_fa_40625539.mp3	6552
common_voice_fa_40683353.mp3	4068
common_voice_fa_40528024.mp3	3888
common_voice_fa_40624446.mp3	3564
common_voice_fa_40625333.mp3	1800
common_voice_fa_40712724.mp3	3276
common_voice_fa_40256172.mp3	3240
common_voice_fa_40435108.mp3	3528
common_voice_fa_40715033.mp3	4608
common_voice_fa_40448566.mp3	3492
common_voice_fa_40567479.mp3	2916
common_voice_fa_40208137.mp3	3528
common_voice_fa_40365744.mp3	4176
common_voice_fa_40848024.mp3	3636
common_voice_fa_40603548.mp3	1692
common_voice_fa_40452703.mp3	3996
common_voice_fa_40626095.mp3	3456
common_voice_fa_40846494.mp3	2952
common_voice_fa_40367434.mp3	2340
common_voice_fa_40812069.mp3	2520
common_voice_fa_40848068.mp3	5616
common_voice_fa_40602921.mp3	3708
common_voice_fa_40683833.mp3	5220
common_voice_fa_40684190.mp3	3528
common_voice_fa_40256149.mp3	2772
common_voice_fa_40435115.mp3	4356
common_voice_fa_40624467.mp3	2268
common_voice_fa_40565946.mp3	5220
common_voice_fa_40498592.mp3	4032
common_voice_fa_40683646.mp3	5328
common_voice_fa_40603006.mp3	3960
common_voice_fa_40625441.mp3	3636
common_voice_fa_40651378.mp3	2844
common_voice_fa_40697448.mp3	3672
common_voice_fa_40551651.mp3	3240
common_voice_fa_40683804.mp3	3780
common_voice_fa_40847763.mp3	2664
common_voice_fa_40624296.mp3	2088
common_voice_fa_40613379.mp3	2268
common_voice_fa_40528048.mp3	2052
common_voice_fa_40651397.mp3	3960
common_voice_fa_40683764.mp3	4320
common_voice_fa_40256275.mp3	2448
common_voice_fa_40812051.mp3	2088
common_voice_fa_40683336.mp3	3456
common_voice_fa_40847938.mp3	2268
common_voice_fa_40551654.mp3	3060
common_voice_fa_40613401.mp3	3132
common_voice_fa_40435064.mp3	4500
common_voice_fa_40566013.mp3	4536
common_voice_fa_40683338.mp3	4320
common_voice_fa_40452698.mp3	4536
common_voice_fa_40715043.mp3	2484
common_voice_fa_40365785.mp3	2304
common_voice_fa_40624311.mp3	3564
common_voice_fa_40812040.mp3	5292
common_voice_fa_40551668.mp3	3168
common_voice_fa_40625334.mp3	1872
common_voice_fa_40498553.mp3	2772
common_voice_fa_40626093.mp3	2052
common_voice_fa_40365751.mp3	4176
common_voice_fa_40486586.mp3	1872
common_voice_fa_40626051.mp3	1764
common_voice_fa_40683628.mp3	6588
common_voice_fa_40697475.mp3	2016
common_voice_fa_40864677.mp3	5436
common_voice_fa_40256274.mp3	3564
common_voice_fa_40625520.mp3	6516
common_voice_fa_40683763.mp3	3060
common_voice_fa_40613390.mp3	4284
common_voice_fa_40625204.mp3	3168
common_voice_fa_40683674.mp3	3240
common_voice_fa_40567414.mp3	2556
common_voice_fa_40811512.mp3	3780
common_voice_fa_40456375.mp3	2448
common_voice_fa_40208122.mp3	2736
common_voice_fa_40697462.mp3	4104
common_voice_fa_40626044.mp3	3708
common_voice_fa_40452721.mp3	2052
common_voice_fa_40847957.mp3	6120
common_voice_fa_40256125.mp3	4140
